0,0.0,0.0,0.0
1,0.316030400607337,-0.08544672878518979,0.6178376055696447
2,0.316030400607337,-0.08544672878518979,0.6178376055696447
3,0.025776545734959733,-0.03376569505801552,0.5561647337628713
4,0.20712687117032863,-0.05745138336563386,-0.17945752013668886
5,-0.23793154482578455,0.008999596837013398,0.2617890636578637
6,0.025776545734959733,-0.03376569505801552,0.5561647337628713
7,0.025776545734959733,-0.03376569505801552,0.5561647337628713
8,-0.08825191908315973,-0.02941323131977364,0.474507172750031
9,-0.23793154482578455,0.008999596837013398,0.2617890636578637
10,0.025776545734959733,-0.03376569505801552,0.5561647337628713
11,0.025776545734959733,-0.03376569505801552,0.5561647337628713
12,0.025776545734959733,-0.03376569505801552,0.5561647337628713
13,0.025776545734959733,-0.03376569505801552,0.5561647337628713
14,0.025776545734959733,-0.03376569505801552,0.5561647337628713
15,0.20712687117032863,-0.05745138336563386,-0.17945752013668886
16,0.025776545734959733,-0.03376569505801552,0.5561647337628713
17,-0.12761638434369948,0.004642988164938542,0.3622035884811348
18,0.025776545734959733,-0.03376569505801552,0.5561647337628713
19,0.316030400607337,-0.08544672878518979,0.6178376055696447
20,0.316030400607337,-0.08544672878518979,0.6178376055696447
21,0.05601059687282845,-0.019090840527095455,-0.40470707341550766
22,0.05601059687282845,-0.019090840527095455,-0.40470707341550766
23,0.09561024477679908,-0.05310788574281892,-0.284722640109677
24,0.37768078392271903,-0.1046503974332772,-0.19600725416520984
25,0.37768078392271903,-0.1046503974332772,-0.19600725416520984
26,-0.05812948021844486,-0.014735275409965089,-0.4934851373663613
27,-0.05812948021844486,-0.014735275409965089,-0.4934851373663613
28,-0.05812948021844486,-0.014735275409965089,-0.4934851373663613
29,-0.05812948021844486,-0.014735275409965089,-0.4934851373663613
30,0.37768078392271903,-0.1046503974332772,-0.19600725416520984
31,0.37768078392271903,-0.1046503974332772,-0.19600725416520984
32,0.37768078392271903,-0.1046503974332772,-0.19600725416520984
33,0.09561024477679908,-0.05310788574281892,-0.284722640109677
34,0.09561024477679908,-0.05310788574281892,-0.284722640109677
35,0.09561024477679908,-0.05310788574281892,-0.284722640109677
36,-0.05812948021844486,-0.014735275409965089,-0.4934851373663613
37,-0.05812948021844486,-0.014735275409965089,-0.4934851373663613
38,-0.05812948021844486,-0.014735275409965089,-0.4934851373663613
39,-0.05812948021844486,-0.014735275409965089,-0.4934851373663613
40,-0.05812948021844486,-0.014735275409965089,-0.4934851373663613
41,-0.05812948021844486,-0.014735275409965089,-0.4934851373663613
42,-0.05812948021844486,-0.014735275409965089,-0.4934851373663613
43,-0.05812948021844486,-0.014735275409965089,-0.4934851373663613
44,-0.05812948021844486,-0.014735275409965089,-0.4934851373663613
45,-0.05812948021844486,-0.014735275409965089,-0.4934851373663613
46,-0.05812948021844486,-0.014735275409965089,-0.4934851373663613
47,-0.05812948021844486,-0.014735275409965089,-0.4934851373663613
48,0.23856647752173776,-0.06651504900370306,-0.4189518126874995
49,0.23856647752173776,-0.06651504900370306,-0.4189518126874995
50,0.23856647752173776,-0.06651504900370306,-0.4189518126874995
51,-0.05812948021844486,-0.014735275409965089,-0.4934851373663613
52,-0.05812948021844486,-0.014735275409965089,-0.4934851373663613
53,-0.23793154482578455,0.008999596837013398,0.2617890636578637
54,-0.23793154482578455,0.008999596837013398,0.2617890636578637
55,-0.23793154482578455,0.008999596837013398,0.2617890636578637
56,-0.23793154482578455,0.008999596837013398,0.2617890636578637
57,-0.23793154482578455,0.008999596837013398,0.2617890636578637
58,-0.08825191908315973,-0.02941323131977364,0.474507172750031
59,-0.08825191908315973,-0.02941323131977364,0.474507172750031
60,-0.08825191908315973,-0.02941323131977364,0.474507172750031
61,-0.08825191908315973,-0.02941323131977364,0.474507172750031
62,-0.08825191908315973,-0.02941323131977364,0.474507172750031
63,-0.08825191908315973,-0.02941323131977364,0.474507172750031
64,-0.08825191908315973,-0.02941323131977364,0.474507172750031
65,-0.08825191908315973,-0.02941323131977364,0.474507172750031
66,0.17142321097197052,-0.04719894385085664,0.4411492887770917
67,0.316030400607337,-0.08544672878518979,0.6178376055696447
68,0.316030400607337,-0.08544672878518979,0.6178376055696447
69,0.17142321097197052,-0.04719894385085664,0.4411492887770917
70,0.316030400607337,-0.08544672878518979,0.6178376055696447
71,0.025776545734959733,-0.03376569505801552,0.5561647337628713
72,0.025776545734959733,-0.03376569505801552,0.5561647337628713
73,0.20712687117032863,-0.05745138336563386,-0.17945752013668886
74,-0.08825191908315973,-0.02941323131977364,0.474507172750031
75,-0.23793154482578455,0.008999596837013398,0.2617890636578637
76,-0.23793154482578455,0.008999596837013398,0.2617890636578637
77,0.20980418267107093,-0.08112013694304435,0.544203310152758
78,0.20980418267107093,-0.08112013694304435,0.544203310152758
79,0.37768078392271903,-0.1046503974332772,-0.19600725416520984
80,-0.05812948021844486,-0.014735275409965089,-0.4934851373663613
81,-0.05812948021844486,-0.014735275409965089,-0.4934851373663613
82,-0.05812948021844486,-0.014735275409965089,-0.4934851373663613
83,0.09561024477679908,-0.05310788574281892,-0.284722640109677
84,0.37768078392271903,-0.1046503974332772,-0.19600725416520984
85,0.37768078392271903,-0.1046503974332772,-0.19600725416520984
86,-0.05812948021844486,-0.014735275409965089,-0.4934851373663613
87,0.09561024477679908,-0.05310788574281892,-0.284722640109677
88,0.09561024477679908,-0.05310788574281892,-0.284722640109677
89,-0.05812948021844486,-0.014735275409965089,-0.4934851373663613
90,-0.05812948021844486,-0.014735275409965089,-0.4934851373663613
91,-0.05812948021844486,-0.014735275409965089,-0.4934851373663613
92,-0.05812948021844486,-0.014735275409965089,-0.4934851373663613
93,-0.05812948021844486,-0.014735275409965089,-0.4934851373663613
94,-0.05812948021844486,-0.014735275409965089,-0.4934851373663613
95,-0.05812948021844486,-0.014735275409965089,-0.4934851373663613
96,0.23856647752173776,-0.06651504900370306,-0.4189518126874995
97,0.23856647752173776,-0.06651504900370306,-0.4189518126874995
98,-0.05812948021844486,-0.014735275409965089,-0.4934851373663613
99,-0.05812948021844486,-0.014735275409965089,-0.4934851373663613
100,-0.05812948021844486,-0.014735275409965089,-0.4934851373663613
101,0.23856647752173776,-0.06651504900370306,-0.4189518126874995
102,0.23856647752173776,-0.06651504900370306,-0.4189518126874995
103,-0.05812948021844486,-0.014735275409965089,-0.4934851373663613
104,-0.05812948021844486,-0.014735275409965089,-0.4934851373663613
105,-0.05812948021844486,-0.014735275409965089,-0.4934851373663613
106,-0.05812948021844486,-0.014735275409965089,-0.4934851373663613
107,-0.05812948021844486,-0.014735275409965089,-0.4934851373663613
108,-0.05812948021844486,-0.014735275409965089,-0.4934851373663613
109,0.23856647752173776,-0.06651504900370306,-0.4189518126874995
110,0.23856647752173776,-0.06651504900370306,-0.4189518126874995
111,-0.05812948021844486,-0.014735275409965089,-0.4934851373663613
112,-0.05812948021844486,-0.014735275409965089,-0.4934851373663613
113,-0.05812948021844486,-0.014735275409965089,-0.4934851373663613
114,-0.05812948021844486,-0.014735275409965089,-0.4934851373663613
115,-0.05812948021844486,-0.014735275409965089,-0.4934851373663613
116,-0.05812948021844486,-0.014735275409965089,-0.4934851373663613
117,-0.05812948021844486,-0.014735275409965089,-0.4934851373663613
118,-0.23793154482578455,0.008999596837013398,0.2617890636578637
119,0.05880032130487559,-0.04285096482778814,0.34720766549925897
120,0.05880032130487559,-0.04285096482778814,0.34720766549925897
121,-0.23793154482578455,0.008999596837013398,0.2617890636578637
122,-0.23793154482578455,0.008999596837013398,0.2617890636578637
123,-0.23793154482578455,0.008999596837013398,0.2617890636578637
124,-0.08825191908315973,-0.02941323131977364,0.474507172750031
125,-0.08825191908315973,-0.02941323131977364,0.474507172750031
126,-0.23793154482578455,0.008999596837013398,0.2617890636578637
127,-0.08825191908315973,-0.02941323131977364,0.474507172750031
128,-0.08825191908315973,-0.02941323131977364,0.474507172750031
129,-0.08825191908315973,-0.02941323131977364,0.474507172750031
130,-0.23793154482578455,0.008999596837013398,0.2617890636578637
131,0.20980418267107093,-0.08112013694304435,0.544203310152758
132,0.20980418267107093,-0.08112013694304435,0.544203310152758
133,-0.12761638434369948,0.004642988164938542,0.3622035884811348
134,-0.12761638434369948,0.004642988164938542,0.3622035884811348
135,-0.12761638434369948,0.004642988164938542,0.3622035884811348
136,-0.12761638434369948,0.004642988164938542,0.3622035884811348
137,0.17142321097197052,-0.04719894385085664,0.4411492887770917
138,0.316030400607337,-0.08544672878518979,0.6178376055696447
139,0.316030400607337,-0.08544672878518979,0.6178376055696447
140,0.025776545734959733,-0.03376569505801552,0.5561647337628713
141,0.025776545734959733,-0.03376569505801552,0.5561647337628713
142,-0.08825191908315973,-0.02941323131977364,0.474507172750031
143,-0.08825191908315973,-0.02941323131977364,0.474507172750031
144,-0.08825191908315973,-0.02941323131977364,0.474507172750031
145,-0.08825191908315973,-0.02941323131977364,0.474507172750031
146,0.09561024477679908,-0.05310788574281892,-0.284722640109677
147,0.09561024477679908,-0.05310788574281892,-0.284722640109677
148,0.09561024477679908,-0.05310788574281892,-0.284722640109677
149,0.37768078392271903,-0.1046503974332772,-0.19600725416520984
150,0.37768078392271903,-0.1046503974332772,-0.19600725416520984
151,-0.05812948021844486,-0.014735275409965089,-0.4934851373663613
152,-0.05812948021844486,-0.014735275409965089,-0.4934851373663613
153,0.09561024477679908,-0.05310788574281892,-0.284722640109677
154,0.09561024477679908,-0.05310788574281892,-0.284722640109677
155,-0.05812948021844486,-0.014735275409965089,-0.4934851373663613
156,0.23856647752173776,-0.06651504900370306,-0.4189518126874995
157,0.23856647752173776,-0.06651504900370306,-0.4189518126874995
158,0.23856647752173776,-0.06651504900370306,-0.4189518126874995
159,-0.05812948021844486,-0.014735275409965089,-0.4934851373663613
160,-0.05812948021844486,-0.014735275409965089,-0.4934851373663613
161,-0.05812948021844486,-0.014735275409965089,-0.4934851373663613
162,-0.05812948021844486,-0.014735275409965089,-0.4934851373663613
163,-0.05812948021844486,-0.014735275409965089,-0.4934851373663613
164,0.23856647752173776,-0.06651504900370306,-0.4189518126874995
165,0.23856647752173776,-0.06651504900370306,-0.4189518126874995
166,-0.05812948021844486,-0.014735275409965089,-0.4934851373663613
167,-0.05812948021844486,-0.014735275409965089,-0.4934851373663613
168,-0.05812948021844486,-0.014735275409965089,-0.4934851373663613
169,-0.05812948021844486,-0.014735275409965089,-0.4934851373663613
170,0.23856647752173776,-0.06651504900370306,-0.4189518126874995
171,0.23856647752173776,-0.06651504900370306,-0.4189518126874995
172,0.23856647752173776,-0.06651504900370306,-0.4189518126874995
173,-0.05812948021844486,-0.014735275409965089,-0.4934851373663613
174,-0.05812948021844486,-0.014735275409965089,-0.4934851373663613
175,-0.05812948021844486,-0.014735275409965089,-0.4934851373663613
176,-0.05812948021844486,-0.014735275409965089,-0.4934851373663613
177,-0.05812948021844486,-0.014735275409965089,-0.4934851373663613
178,-0.05812948021844486,-0.014735275409965089,-0.4934851373663613
179,-0.23793154482578455,0.008999596837013398,0.2617890636578637
180,0.05880032130487559,-0.04285096482778814,0.34720766549925897
181,0.05880032130487559,-0.04285096482778814,0.34720766549925897
182,-0.23793154482578455,0.008999596837013398,0.2617890636578637
183,-0.23793154482578455,0.008999596837013398,0.2617890636578637
184,-0.23793154482578455,0.008999596837013398,0.2617890636578637
185,-0.08825191908315973,-0.02941323131977364,0.474507172750031
186,-0.08825191908315973,-0.02941323131977364,0.474507172750031
187,-0.08825191908315973,-0.02941323131977364,0.474507172750031
188,-0.08825191908315973,-0.02941323131977364,0.474507172750031
189,-0.08825191908315973,-0.02941323131977364,0.474507172750031
190,-0.08825191908315973,-0.02941323131977364,0.474507172750031
191,-0.08825191908315973,-0.02941323131977364,0.474507172750031
192,-0.23793154482578455,0.008999596837013398,0.2617890636578637
193,0.37768078392271903,-0.1046503974332772,-0.19600725416520984
194,0.316030400607337,-0.08544672878518979,0.6178376055696447
195,0.17142321097197052,-0.04719894385085664,0.4411492887770917
196,0.17142321097197052,-0.04719894385085664,0.4411492887770917
197,-0.12761638434369948,0.004642988164938542,0.3622035884811348
198,-0.12761638434369948,0.004642988164938542,0.3622035884811348
199,-0.12761638434369948,0.004642988164938542,0.3622035884811348
200,0.025776545734959733,-0.03376569505801552,0.5561647337628713
201,-0.08825191908315973,-0.02941323131977364,0.474507172750031
202,-0.08825191908315973,-0.02941323131977364,0.474507172750031
203,0.025776545734959733,-0.03376569505801552,0.5561647337628713
204,0.20980418267107093,-0.08112013694304435,0.544203310152758
205,0.4712034817663259,-0.10895751007982635,-0.08696486840228881
206,0.34302585604723723,-0.07085130757174235,-0.3230316119527069
207,0.34302585604723723,-0.07085130757174235,-0.3230316119527069
208,0.05601059687282845,-0.019090840527095455,-0.40470707341550766
209,0.05601059687282845,-0.019090840527095455,-0.40470707341550766
210,0.23856647752173776,-0.06651504900370306,-0.4189518126874995
211,0.23856647752173776,-0.06651504900370306,-0.4189518126874995
212,0.23856647752173776,-0.06651504900370306,-0.4189518126874995
213,0.23856647752173776,-0.06651504900370306,-0.4189518126874995
214,-0.05812948021844486,-0.014735275409965089,-0.4934851373663613
215,0.09561024477679908,-0.05310788574281892,-0.284722640109677
216,0.09561024477679908,-0.05310788574281892,-0.284722640109677
217,0.09561024477679908,-0.05310788574281892,-0.284722640109677
218,-0.05812948021844486,-0.014735275409965089,-0.4934851373663613
219,-0.05812948021844486,-0.014735275409965089,-0.4934851373663613
220,-0.05812948021844486,-0.014735275409965089,-0.4934851373663613
221,-0.05812948021844486,-0.014735275409965089,-0.4934851373663613
222,-0.05812948021844486,-0.014735275409965089,-0.4934851373663613
223,0.23856647752173776,-0.06651504900370306,-0.4189518126874995
224,0.23856647752173776,-0.06651504900370306,-0.4189518126874995
225,-0.05812948021844486,-0.014735275409965089,-0.4934851373663613
226,-0.05812948021844486,-0.014735275409965089,-0.4934851373663613
227,-0.05812948021844486,-0.014735275409965089,-0.4934851373663613
228,-0.05812948021844486,-0.014735275409965089,-0.4934851373663613
229,-0.05812948021844486,-0.014735275409965089,-0.4934851373663613
230,0.23856647752173776,-0.06651504900370306,-0.4189518126874995
231,0.23856647752173776,-0.06651504900370306,-0.4189518126874995
232,0.23856647752173776,-0.06651504900370306,-0.4189518126874995
233,-0.05812948021844486,-0.014735275409965089,-0.4934851373663613
234,-0.05812948021844486,-0.014735275409965089,-0.4934851373663613
235,-0.05812948021844486,-0.014735275409965089,-0.4934851373663613
236,-0.05812948021844486,-0.014735275409965089,-0.4934851373663613
237,-0.05812948021844486,-0.014735275409965089,-0.4934851373663613
238,-0.05812948021844486,-0.014735275409965089,-0.4934851373663613
239,-0.05812948021844486,-0.014735275409965089,-0.4934851373663613
240,0.09561024477679908,-0.05310788574281892,-0.284722640109677
241,0.20980418267107093,-0.08112013694304435,0.544203310152758
242,0.20980418267107093,-0.08112013694304435,0.544203310152758
243,-0.23793154482578455,0.008999596837013398,0.2617890636578637
244,-0.23793154482578455,0.008999596837013398,0.2617890636578637
245,-0.23793154482578455,0.008999596837013398,0.2617890636578637
246,-0.23793154482578455,0.008999596837013398,0.2617890636578637
247,-0.23793154482578455,0.008999596837013398,0.2617890636578637
248,-0.23793154482578455,0.008999596837013398,0.2617890636578637
249,-0.23793154482578455,0.008999596837013398,0.2617890636578637
250,-0.23793154482578455,0.008999596837013398,0.2617890636578637
251,-0.23793154482578455,0.008999596837013398,0.2617890636578637
252,0.05880032130487559,-0.04285096482778814,0.34720766549925897
253,0.05880032130487559,-0.04285096482778814,0.34720766549925897
254,0.05880032130487559,-0.04285096482778814,0.34720766549925897
255,0.05880032130487559,-0.04285096482778814,0.34720766549925897
256,0.316030400607337,-0.08544672878518979,0.6178376055696447
257,0.316030400607337,-0.08544672878518979,0.6178376055696447
258,0.025776545734959733,-0.03376569505801552,0.5561647337628713
259,0.025776545734959733,-0.03376569505801552,0.5561647337628713
260,0.025776545734959733,-0.03376569505801552,0.5561647337628713
261,0.025776545734959733,-0.03376569505801552,0.5561647337628713
262,0.025776545734959733,-0.03376569505801552,0.5561647337628713
263,0.025776545734959733,-0.03376569505801552,0.5561647337628713
264,0.025776545734959733,-0.03376569505801552,0.5561647337628713
265,0.025776545734959733,-0.03376569505801552,0.5561647337628713
266,0.025776545734959733,-0.03376569505801552,0.5561647337628713
267,0.20712687117032863,-0.05745138336563386,-0.17945752013668886
268,0.20712687117032863,-0.05745138336563386,-0.17945752013668886
269,0.4712034817663259,-0.10895751007982635,-0.08696486840228881
270,0.4712034817663259,-0.10895751007982635,-0.08696486840228881
271,0.20712687117032863,-0.05745138336563386,-0.17945752013668886
272,0.05601059687282845,-0.019090840527095455,-0.40470707341550766
273,0.05601059687282845,-0.019090840527095455,-0.40470707341550766
274,-0.05812948021844486,-0.014735275409965089,-0.4934851373663613
275,0.23856647752173776,-0.06651504900370306,-0.4189518126874995
276,0.37768078392271903,-0.1046503974332772,-0.19600725416520984
277,0.37768078392271903,-0.1046503974332772,-0.19600725416520984
278,0.09561024477679908,-0.05310788574281892,-0.284722640109677
279,-0.05812948021844486,-0.014735275409965089,-0.4934851373663613
280,-0.05812948021844486,-0.014735275409965089,-0.4934851373663613
281,-0.05812948021844486,-0.014735275409965089,-0.4934851373663613
282,-0.05812948021844486,-0.014735275409965089,-0.4934851373663613
283,-0.05812948021844486,-0.014735275409965089,-0.4934851373663613
284,-0.05812948021844486,-0.014735275409965089,-0.4934851373663613
285,-0.05812948021844486,-0.014735275409965089,-0.4934851373663613
286,0.23856647752173776,-0.06651504900370306,-0.4189518126874995
287,0.23856647752173776,-0.06651504900370306,-0.4189518126874995
288,0.23856647752173776,-0.06651504900370306,-0.4189518126874995
289,-0.05812948021844486,-0.014735275409965089,-0.4934851373663613
290,-0.05812948021844486,-0.014735275409965089,-0.4934851373663613
291,-0.05812948021844486,-0.014735275409965089,-0.4934851373663613
292,-0.05812948021844486,-0.014735275409965089,-0.4934851373663613
293,-0.05812948021844486,-0.014735275409965089,-0.4934851373663613
294,0.23856647752173776,-0.06651504900370306,-0.4189518126874995
295,0.23856647752173776,-0.06651504900370306,-0.4189518126874995
296,0.23856647752173776,-0.06651504900370306,-0.4189518126874995
297,-0.05812948021844486,-0.014735275409965089,-0.4934851373663613
298,-0.05812948021844486,-0.014735275409965089,-0.4934851373663613
299,-0.05812948021844486,-0.014735275409965089,-0.4934851373663613
300,-0.05812948021844486,-0.014735275409965089,-0.4934851373663613
301,-0.05812948021844486,-0.014735275409965089,-0.4934851373663613
302,-0.05812948021844486,-0.014735275409965089,-0.4934851373663613
303,-0.23793154482578455,0.008999596837013398,0.2617890636578637
304,-0.23793154482578455,0.008999596837013398,0.2617890636578637
305,-0.23793154482578455,0.008999596837013398,0.2617890636578637
306,-0.23793154482578455,0.008999596837013398,0.2617890636578637
307,0.05880032130487559,-0.04285096482778814,0.34720766549925897
308,0.20980418267107093,-0.08112013694304435,0.544203310152758
309,-0.08825191908315973,-0.02941323131977364,0.474507172750031
310,-0.08825191908315973,-0.02941323131977364,0.474507172750031
311,-0.08825191908315973,-0.02941323131977364,0.474507172750031
312,-0.08825191908315973,-0.02941323131977364,0.474507172750031
313,-0.08825191908315973,-0.02941323131977364,0.474507172750031
314,-0.23793154482578455,0.008999596837013398,0.2617890636578637
315,-0.08825191908315973,-0.02941323131977364,0.474507172750031
316,0.20980418267107093,-0.08112013694304435,0.544203310152758
317,0.20980418267107093,-0.08112013694304435,0.544203310152758
318,0.025776545734959733,-0.03376569505801552,0.5561647337628713
319,0.025776545734959733,-0.03376569505801552,0.5561647337628713
320,0.025776545734959733,-0.03376569505801552,0.5561647337628713
321,0.025776545734959733,-0.03376569505801552,0.5561647337628713
322,0.025776545734959733,-0.03376569505801552,0.5561647337628713
323,0.20712687117032863,-0.05745138336563386,-0.17945752013668886
324,0.025776545734959733,-0.03376569505801552,0.5561647337628713
325,0.025776545734959733,-0.03376569505801552,0.5561647337628713
326,0.025776545734959733,-0.03376569505801552,0.5561647337628713
327,0.025776545734959733,-0.03376569505801552,0.5561647337628713
328,0.025776545734959733,-0.03376569505801552,0.5561647337628713
329,0.20712687117032863,-0.05745138336563386,-0.17945752013668886
330,0.20712687117032863,-0.05745138336563386,-0.17945752013668886
331,0.20712687117032863,-0.05745138336563386,-0.17945752013668886
332,0.05601059687282845,-0.019090840527095455,-0.40470707341550766
333,0.05601059687282845,-0.019090840527095455,-0.40470707341550766
334,0.05601059687282845,-0.019090840527095455,-0.40470707341550766
335,0.23856647752173776,-0.06651504900370306,-0.4189518126874995
336,0.23856647752173776,-0.06651504900370306,-0.4189518126874995
337,0.23856647752173776,-0.06651504900370306,-0.4189518126874995
338,-0.05812948021844486,-0.014735275409965089,-0.4934851373663613
339,-0.05812948021844486,-0.014735275409965089,-0.4934851373663613
340,0.09561024477679908,-0.05310788574281892,-0.284722640109677
341,0.09561024477679908,-0.05310788574281892,-0.284722640109677
342,-0.05812948021844486,-0.014735275409965089,-0.4934851373663613
343,-0.05812948021844486,-0.014735275409965089,-0.4934851373663613
344,-0.05812948021844486,-0.014735275409965089,-0.4934851373663613
345,-0.05812948021844486,-0.014735275409965089,-0.4934851373663613
346,-0.05812948021844486,-0.014735275409965089,-0.4934851373663613
347,-0.05812948021844486,-0.014735275409965089,-0.4934851373663613
348,0.23856647752173776,-0.06651504900370306,-0.4189518126874995
349,0.23856647752173776,-0.06651504900370306,-0.4189518126874995
350,0.23856647752173776,-0.06651504900370306,-0.4189518126874995
351,-0.05812948021844486,-0.014735275409965089,-0.4934851373663613
352,-0.05812948021844486,-0.014735275409965089,-0.4934851373663613
353,-0.05812948021844486,-0.014735275409965089,-0.4934851373663613
354,-0.05812948021844486,-0.014735275409965089,-0.4934851373663613
355,-0.05812948021844486,-0.014735275409965089,-0.4934851373663613
356,-0.05812948021844486,-0.014735275409965089,-0.4934851373663613
357,0.23856647752173776,-0.06651504900370306,-0.4189518126874995
358,0.23856647752173776,-0.06651504900370306,-0.4189518126874995
359,-0.23793154482578455,0.008999596837013398,0.2617890636578637
360,-0.23793154482578455,0.008999596837013398,0.2617890636578637
361,-0.23793154482578455,0.008999596837013398,0.2617890636578637
362,-0.23793154482578455,0.008999596837013398,0.2617890636578637
363,-0.23793154482578455,0.008999596837013398,0.2617890636578637
364,-0.08825191908315973,-0.02941323131977364,0.474507172750031
365,-0.08825191908315973,-0.02941323131977364,0.474507172750031
366,-0.08825191908315973,-0.02941323131977364,0.474507172750031
367,-0.08825191908315973,-0.02941323131977364,0.474507172750031
368,-0.23793154482578455,0.008999596837013398,0.2617890636578637
369,-0.23793154482578455,0.008999596837013398,0.2617890636578637
370,-0.23793154482578455,0.008999596837013398,0.2617890636578637
371,-0.08825191908315973,-0.02941323131977364,0.474507172750031
372,-0.23793154482578455,0.008999596837013398,0.2617890636578637
373,-0.08825191908315973,-0.02941323131977364,0.474507172750031
374,-0.08825191908315973,-0.02941323131977364,0.474507172750031
375,0.316030400607337,-0.08544672878518979,0.6178376055696447
376,0.316030400607337,-0.08544672878518979,0.6178376055696447
377,0.025776545734959733,-0.03376569505801552,0.5561647337628713
378,0.025776545734959733,-0.03376569505801552,0.5561647337628713
379,0.025776545734959733,-0.03376569505801552,0.5561647337628713
380,0.025776545734959733,-0.03376569505801552,0.5561647337628713
381,0.025776545734959733,-0.03376569505801552,0.5561647337628713
382,0.025776545734959733,-0.03376569505801552,0.5561647337628713
383,0.20712687117032863,-0.05745138336563386,-0.17945752013668886
384,0.20712687117032863,-0.05745138336563386,-0.17945752013668886
385,0.4712034817663259,-0.10895751007982635,-0.08696486840228881
386,0.4712034817663259,-0.10895751007982635,-0.08696486840228881
387,0.4712034817663259,-0.10895751007982635,-0.08696486840228881
388,0.05601059687282845,-0.019090840527095455,-0.40470707341550766
389,0.05601059687282845,-0.019090840527095455,-0.40470707341550766
390,-0.05812948021844486,-0.014735275409965089,-0.4934851373663613
391,-0.05812948021844486,-0.014735275409965089,-0.4934851373663613
392,0.23856647752173776,-0.06651504900370306,-0.4189518126874995
393,0.23856647752173776,-0.06651504900370306,-0.4189518126874995
394,0.37768078392271903,-0.1046503974332772,-0.19600725416520984
395,0.37768078392271903,-0.1046503974332772,-0.19600725416520984
396,0.09561024477679908,-0.05310788574281892,-0.284722640109677
397,0.09561024477679908,-0.05310788574281892,-0.284722640109677
398,0.09561024477679908,-0.05310788574281892,-0.284722640109677
399,-0.05812948021844486,-0.014735275409965089,-0.4934851373663613
400,-0.05812948021844486,-0.014735275409965089,-0.4934851373663613
401,-0.05812948021844486,-0.014735275409965089,-0.4934851373663613
402,-0.05812948021844486,-0.014735275409965089,-0.4934851373663613
403,-0.05812948021844486,-0.014735275409965089,-0.4934851373663613
404,-0.05812948021844486,-0.014735275409965089,-0.4934851373663613
405,-0.05812948021844486,-0.014735275409965089,-0.4934851373663613
406,-0.05812948021844486,-0.014735275409965089,-0.4934851373663613
407,-0.05812948021844486,-0.014735275409965089,-0.4934851373663613
408,0.23856647752173776,-0.06651504900370306,-0.4189518126874995
409,0.23856647752173776,-0.06651504900370306,-0.4189518126874995
410,0.23856647752173776,-0.06651504900370306,-0.4189518126874995
411,-0.05812948021844486,-0.014735275409965089,-0.4934851373663613
412,-0.05812948021844486,-0.014735275409965089,-0.4934851373663613
413,-0.05812948021844486,-0.014735275409965089,-0.4934851373663613
414,-0.05812948021844486,-0.014735275409965089,-0.4934851373663613
415,-0.05812948021844486,-0.014735275409965089,-0.4934851373663613
416,0.23856647752173776,-0.06651504900370306,-0.4189518126874995
417,0.23856647752173776,-0.06651504900370306,-0.4189518126874995
418,0.23856647752173776,-0.06651504900370306,-0.4189518126874995
419,-0.05812948021844486,-0.014735275409965089,-0.4934851373663613
420,0.09561024477679908,-0.05310788574281892,-0.284722640109677
421,0.09561024477679908,-0.05310788574281892,-0.284722640109677
422,-0.08825191908315973,-0.02941323131977364,0.474507172750031
423,-0.23793154482578455,0.008999596837013398,0.2617890636578637
424,-0.23793154482578455,0.008999596837013398,0.2617890636578637
425,-0.23793154482578455,0.008999596837013398,0.2617890636578637
426,-0.08825191908315973,-0.02941323131977364,0.474507172750031
427,-0.08825191908315973,-0.02941323131977364,0.474507172750031
428,-0.08825191908315973,-0.02941323131977364,0.474507172750031
429,-0.08825191908315973,-0.02941323131977364,0.474507172750031
430,-0.08825191908315973,-0.02941323131977364,0.474507172750031
431,-0.08825191908315973,-0.02941323131977364,0.474507172750031
432,-0.23793154482578455,0.008999596837013398,0.2617890636578637
433,-0.23793154482578455,0.008999596837013398,0.2617890636578637
434,-0.23793154482578455,0.008999596837013398,0.2617890636578637
435,-0.08825191908315973,-0.02941323131977364,0.474507172750031
436,0.025776545734959733,-0.03376569505801552,0.5561647337628713
437,-0.12761638434369948,0.004642988164938542,0.3622035884811348
438,0.316030400607337,-0.08544672878518979,0.6178376055696447
439,0.316030400607337,-0.08544672878518979,0.6178376055696447
440,0.025776545734959733,-0.03376569505801552,0.5561647337628713
441,0.025776545734959733,-0.03376569505801552,0.5561647337628713
442,0.025776545734959733,-0.03376569505801552,0.5561647337628713
443,0.025776545734959733,-0.03376569505801552,0.5561647337628713
444,0.025776545734959733,-0.03376569505801552,0.5561647337628713
445,-0.12761638434369948,0.004642988164938542,0.3622035884811348
446,0.20712687117032863,-0.05745138336563386,-0.17945752013668886
447,-0.08825191908315973,-0.02941323131977364,0.474507172750031
448,-0.08825191908315973,-0.02941323131977364,0.474507172750031
449,0.20980418267107093,-0.08112013694304435,0.544203310152758
450,0.20980418267107093,-0.08112013694304435,0.544203310152758
451,0.23856647752173776,-0.06651504900370306,-0.4189518126874995
452,0.05601059687282845,-0.019090840527095455,-0.40470707341550766
453,0.05601059687282845,-0.019090840527095455,-0.40470707341550766
454,0.34302585604723723,-0.07085130757174235,-0.3230316119527069
455,0.34302585604723723,-0.07085130757174235,-0.3230316119527069
456,0.34302585604723723,-0.07085130757174235,-0.3230316119527069
457,0.05601059687282845,-0.019090840527095455,-0.40470707341550766
458,-0.05812948021844486,-0.014735275409965089,-0.4934851373663613
459,-0.05812948021844486,-0.014735275409965089,-0.4934851373663613
460,-0.05812948021844486,-0.014735275409965089,-0.4934851373663613
461,0.23856647752173776,-0.06651504900370306,-0.4189518126874995
462,0.23856647752173776,-0.06651504900370306,-0.4189518126874995
463,0.23856647752173776,-0.06651504900370306,-0.4189518126874995
464,-0.05812948021844486,-0.014735275409965089,-0.4934851373663613
465,-0.05812948021844486,-0.014735275409965089,-0.4934851373663613
466,-0.05812948021844486,-0.014735275409965089,-0.4934851373663613
467,0.09561024477679908,-0.05310788574281892,-0.284722640109677
468,0.09561024477679908,-0.05310788574281892,-0.284722640109677
469,-0.05812948021844486,-0.014735275409965089,-0.4934851373663613
470,-0.05812948021844486,-0.014735275409965089,-0.4934851373663613
471,-0.05812948021844486,-0.014735275409965089,-0.4934851373663613
472,-0.05812948021844486,-0.014735275409965089,-0.4934851373663613
473,-0.05812948021844486,-0.014735275409965089,-0.4934851373663613
474,-0.05812948021844486,-0.014735275409965089,-0.4934851373663613
475,-0.05812948021844486,-0.014735275409965089,-0.4934851373663613
476,-0.05812948021844486,-0.014735275409965089,-0.4934851373663613
477,0.23856647752173776,-0.06651504900370306,-0.4189518126874995
478,0.23856647752173776,-0.06651504900370306,-0.4189518126874995
479,-0.05812948021844486,-0.014735275409965089,-0.4934851373663613
480,-0.05812948021844486,-0.014735275409965089,-0.4934851373663613
481,0.09561024477679908,-0.05310788574281892,-0.284722640109677
482,-0.08825191908315973,-0.02941323131977364,0.474507172750031
483,-0.08825191908315973,-0.02941323131977364,0.474507172750031
484,-0.23793154482578455,0.008999596837013398,0.2617890636578637
485,-0.23793154482578455,0.008999596837013398,0.2617890636578637
486,-0.08825191908315973,-0.02941323131977364,0.474507172750031
487,-0.08825191908315973,-0.02941323131977364,0.474507172750031
488,-0.23793154482578455,0.008999596837013398,0.2617890636578637
489,-0.08825191908315973,-0.02941323131977364,0.474507172750031
490,-0.23793154482578455,0.008999596837013398,0.2617890636578637
491,-0.23793154482578455,0.008999596837013398,0.2617890636578637
492,-0.23793154482578455,0.008999596837013398,0.2617890636578637
493,-0.08825191908315973,-0.02941323131977364,0.474507172750031
494,-0.08825191908315973,-0.02941323131977364,0.474507172750031
495,0.05880032130487559,-0.04285096482778814,0.34720766549925897
496,0.20980418267107093,-0.08112013694304435,0.544203310152758
497,0.20980418267107093,-0.08112013694304435,0.544203310152758
498,0.025776545734959733,-0.03376569505801552,0.5561647337628713
499,0.025776545734959733,-0.03376569505801552,0.5561647337628713
500,0.025776545734959733,-0.03376569505801552,0.5561647337628713
501,0.025776545734959733,-0.03376569505801552,0.5561647337628713
502,0.025776545734959733,-0.03376569505801552,0.5561647337628713
503,0.025776545734959733,-0.03376569505801552,0.5561647337628713
504,0.025776545734959733,-0.03376569505801552,0.5561647337628713
505,-0.08825191908315973,-0.02941323131977364,0.474507172750031
506,0.025776545734959733,-0.03376569505801552,0.5561647337628713
507,0.025776545734959733,-0.03376569505801552,0.5561647337628713
508,0.20712687117032863,-0.05745138336563386,-0.17945752013668886
509,0.20712687117032863,-0.05745138336563386,-0.17945752013668886
510,0.34302585604723723,-0.07085130757174235,-0.3230316119527069
511,0.34302585604723723,-0.07085130757174235,-0.3230316119527069
512,0.34302585604723723,-0.07085130757174235,-0.3230316119527069
513,0.34302585604723723,-0.07085130757174235,-0.3230316119527069
514,-0.05812948021844486,-0.014735275409965089,-0.4934851373663613
515,-0.05812948021844486,-0.014735275409965089,-0.4934851373663613
516,-0.05812948021844486,-0.014735275409965089,-0.4934851373663613
517,0.23856647752173776,-0.06651504900370306,-0.4189518126874995
518,0.23856647752173776,-0.06651504900370306,-0.4189518126874995
519,0.37768078392271903,-0.1046503974332772,-0.19600725416520984
520,0.09561024477679908,-0.05310788574281892,-0.284722640109677
521,-0.05812948021844486,-0.014735275409965089,-0.4934851373663613
522,-0.05812948021844486,-0.014735275409965089,-0.4934851373663613
523,-0.05812948021844486,-0.014735275409965089,-0.4934851373663613
524,-0.05812948021844486,-0.014735275409965089,-0.4934851373663613
525,-0.05812948021844486,-0.014735275409965089,-0.4934851373663613
526,-0.05812948021844486,-0.014735275409965089,-0.4934851373663613
527,-0.05812948021844486,-0.014735275409965089,-0.4934851373663613
528,0.23856647752173776,-0.06651504900370306,-0.4189518126874995
529,0.23856647752173776,-0.06651504900370306,-0.4189518126874995
530,0.23856647752173776,-0.06651504900370306,-0.4189518126874995
531,-0.05812948021844486,-0.014735275409965089,-0.4934851373663613
532,-0.05812948021844486,-0.014735275409965089,-0.4934851373663613
533,-0.05812948021844486,-0.014735275409965089,-0.4934851373663613
534,-0.05812948021844486,-0.014735275409965089,-0.4934851373663613
535,-0.05812948021844486,-0.014735275409965089,-0.4934851373663613
536,-0.05812948021844486,-0.014735275409965089,-0.4934851373663613
537,0.23856647752173776,-0.06651504900370306,-0.4189518126874995
538,0.23856647752173776,-0.06651504900370306,-0.4189518126874995
539,0.23856647752173776,-0.06651504900370306,-0.4189518126874995
540,-0.05812948021844486,-0.014735275409965089,-0.4934851373663613
541,-0.05812948021844486,-0.014735275409965089,-0.4934851373663613
542,-0.05812948021844486,-0.014735275409965089,-0.4934851373663613
543,-0.05812948021844486,-0.014735275409965089,-0.4934851373663613
544,-0.23793154482578455,0.008999596837013398,0.2617890636578637
545,-0.23793154482578455,0.008999596837013398,0.2617890636578637
546,-0.23793154482578455,0.008999596837013398,0.2617890636578637
547,-0.23793154482578455,0.008999596837013398,0.2617890636578637
548,-0.08825191908315973,-0.02941323131977364,0.474507172750031
549,-0.08825191908315973,-0.02941323131977364,0.474507172750031
550,-0.08825191908315973,-0.02941323131977364,0.474507172750031
551,-0.08825191908315973,-0.02941323131977364,0.474507172750031
552,-0.08825191908315973,-0.02941323131977364,0.474507172750031
553,-0.08825191908315973,-0.02941323131977364,0.474507172750031
554,-0.08825191908315973,-0.02941323131977364,0.474507172750031
555,-0.08825191908315973,-0.02941323131977364,0.474507172750031
556,-0.08825191908315973,-0.02941323131977364,0.474507172750031
557,-0.23793154482578455,0.008999596837013398,0.2617890636578637
558,0.20980418267107093,-0.08112013694304435,0.544203310152758
559,0.20980418267107093,-0.08112013694304435,0.544203310152758
560,0.20980418267107093,-0.08112013694304435,0.544203310152758
561,-0.08825191908315973,-0.02941323131977364,0.474507172750031
562,-0.12761638434369948,0.004642988164938542,0.3622035884811348
563,0.05601059687282845,-0.019090840527095455,-0.40470707341550766
564,-0.12761638434369948,0.004642988164938542,0.3622035884811348
565,0.17142321097197052,-0.04719894385085664,0.4411492887770917
566,0.316030400607337,-0.08544672878518979,0.6178376055696447
567,0.316030400607337,-0.08544672878518979,0.6178376055696447
568,-0.12761638434369948,0.004642988164938542,0.3622035884811348
569,-0.12761638434369948,0.004642988164938542,0.3622035884811348
570,0.025776545734959733,-0.03376569505801552,0.5561647337628713
571,-0.12761638434369948,0.004642988164938542,0.3622035884811348
572,0.09561024477679908,-0.05310788574281892,-0.284722640109677
573,0.09561024477679908,-0.05310788574281892,-0.284722640109677
574,0.09561024477679908,-0.05310788574281892,-0.284722640109677
575,0.37768078392271903,-0.1046503974332772,-0.19600725416520984
576,0.23856647752173776,-0.06651504900370306,-0.4189518126874995
577,-0.05812948021844486,-0.014735275409965089,-0.4934851373663613
578,-0.05812948021844486,-0.014735275409965089,-0.4934851373663613
579,-0.05812948021844486,-0.014735275409965089,-0.4934851373663613
580,0.23856647752173776,-0.06651504900370306,-0.4189518126874995
581,0.23856647752173776,-0.06651504900370306,-0.4189518126874995
582,-0.05812948021844486,-0.014735275409965089,-0.4934851373663613
583,-0.05812948021844486,-0.014735275409965089,-0.4934851373663613
584,-0.05812948021844486,-0.014735275409965089,-0.4934851373663613
585,-0.05812948021844486,-0.014735275409965089,-0.4934851373663613
586,-0.05812948021844486,-0.014735275409965089,-0.4934851373663613
587,-0.05812948021844486,-0.014735275409965089,-0.4934851373663613
588,-0.05812948021844486,-0.014735275409965089,-0.4934851373663613
589,-0.05812948021844486,-0.014735275409965089,-0.4934851373663613
590,-0.05812948021844486,-0.014735275409965089,-0.4934851373663613
591,0.23856647752173776,-0.06651504900370306,-0.4189518126874995
592,0.23856647752173776,-0.06651504900370306,-0.4189518126874995
593,0.23856647752173776,-0.06651504900370306,-0.4189518126874995
594,-0.05812948021844486,-0.014735275409965089,-0.4934851373663613
595,-0.05812948021844486,-0.014735275409965089,-0.4934851373663613
596,-0.05812948021844486,-0.014735275409965089,-0.4934851373663613
597,-0.05812948021844486,-0.014735275409965089,-0.4934851373663613
598,-0.05812948021844486,-0.014735275409965089,-0.4934851373663613
599,-0.05812948021844486,-0.014735275409965089,-0.4934851373663613
600,0.23856647752173776,-0.06651504900370306,-0.4189518126874995
601,0.37768078392271903,-0.1046503974332772,-0.19600725416520984
602,-0.08825191908315973,-0.02941323131977364,0.474507172750031
603,-0.08825191908315973,-0.02941323131977364,0.474507172750031
604,-0.08825191908315973,-0.02941323131977364,0.474507172750031
605,-0.08825191908315973,-0.02941323131977364,0.474507172750031
606,-0.08825191908315973,-0.02941323131977364,0.474507172750031
607,-0.08825191908315973,-0.02941323131977364,0.474507172750031
608,-0.23793154482578455,0.008999596837013398,0.2617890636578637
609,-0.08825191908315973,-0.02941323131977364,0.474507172750031
610,-0.08825191908315973,-0.02941323131977364,0.474507172750031
611,-0.23793154482578455,0.008999596837013398,0.2617890636578637
612,-0.08825191908315973,-0.02941323131977364,0.474507172750031
613,-0.08825191908315973,-0.02941323131977364,0.474507172750031
614,-0.23793154482578455,0.008999596837013398,0.2617890636578637
615,-0.08825191908315973,-0.02941323131977364,0.474507172750031
616,-0.08825191908315973,-0.02941323131977364,0.474507172750031
617,-0.08825191908315973,-0.02941323131977364,0.474507172750031
618,0.09561024477679908,-0.05310788574281892,-0.284722640109677
619,0.025776545734959733,-0.03376569505801552,0.5561647337628713
620,-0.12761638434369948,0.004642988164938542,0.3622035884811348
621,0.17142321097197052,-0.04719894385085664,0.4411492887770917
622,0.316030400607337,-0.08544672878518979,0.6178376055696447
623,0.316030400607337,-0.08544672878518979,0.6178376055696447
624,0.316030400607337,-0.08544672878518979,0.6178376055696447
625,0.025776545734959733,-0.03376569505801552,0.5561647337628713
626,0.20712687117032863,-0.05745138336563386,-0.17945752013668886
627,0.09561024477679908,-0.05310788574281892,-0.284722640109677
628,-0.05812948021844486,-0.014735275409965089,-0.4934851373663613
629,-0.05812948021844486,-0.014735275409965089,-0.4934851373663613
630,0.37768078392271903,-0.1046503974332772,-0.19600725416520984
631,0.37768078392271903,-0.1046503974332772,-0.19600725416520984
632,-0.05812948021844486,-0.014735275409965089,-0.4934851373663613
633,0.09561024477679908,-0.05310788574281892,-0.284722640109677
634,0.09561024477679908,-0.05310788574281892,-0.284722640109677
635,0.09561024477679908,-0.05310788574281892,-0.284722640109677
636,-0.05812948021844486,-0.014735275409965089,-0.4934851373663613
637,-0.05812948021844486,-0.014735275409965089,-0.4934851373663613
638,-0.05812948021844486,-0.014735275409965089,-0.4934851373663613
639,-0.05812948021844486,-0.014735275409965089,-0.4934851373663613
640,-0.05812948021844486,-0.014735275409965089,-0.4934851373663613
641,-0.05812948021844486,-0.014735275409965089,-0.4934851373663613
642,-0.05812948021844486,-0.014735275409965089,-0.4934851373663613
643,-0.05812948021844486,-0.014735275409965089,-0.4934851373663613
644,-0.05812948021844486,-0.014735275409965089,-0.4934851373663613
645,-0.05812948021844486,-0.014735275409965089,-0.4934851373663613
646,-0.05812948021844486,-0.014735275409965089,-0.4934851373663613
647,0.23856647752173776,-0.06651504900370306,-0.4189518126874995
648,0.23856647752173776,-0.06651504900370306,-0.4189518126874995
649,0.23856647752173776,-0.06651504900370306,-0.4189518126874995
650,-0.05812948021844486,-0.014735275409965089,-0.4934851373663613
651,-0.05812948021844486,-0.014735275409965089,-0.4934851373663613
652,-0.05812948021844486,-0.014735275409965089,-0.4934851373663613
653,-0.05812948021844486,-0.014735275409965089,-0.4934851373663613
654,-0.05812948021844486,-0.014735275409965089,-0.4934851373663613
655,-0.05812948021844486,-0.014735275409965089,-0.4934851373663613
656,-0.05812948021844486,-0.014735275409965089,-0.4934851373663613
657,-0.05812948021844486,-0.014735275409965089,-0.4934851373663613
658,0.05880032130487559,-0.04285096482778814,0.34720766549925897
659,0.05880032130487559,-0.04285096482778814,0.34720766549925897
660,-0.23793154482578455,0.008999596837013398,0.2617890636578637
661,-0.23793154482578455,0.008999596837013398,0.2617890636578637
662,-0.23793154482578455,0.008999596837013398,0.2617890636578637
663,-0.08825191908315973,-0.02941323131977364,0.474507172750031
664,-0.08825191908315973,-0.02941323131977364,0.474507172750031
665,-0.23793154482578455,0.008999596837013398,0.2617890636578637
666,-0.23793154482578455,0.008999596837013398,0.2617890636578637
667,-0.23793154482578455,0.008999596837013398,0.2617890636578637
668,-0.08825191908315973,-0.02941323131977364,0.474507172750031
669,-0.08825191908315973,-0.02941323131977364,0.474507172750031
670,-0.08825191908315973,-0.02941323131977364,0.474507172750031
671,-0.08825191908315973,-0.02941323131977364,0.474507172750031
672,-0.08825191908315973,-0.02941323131977364,0.474507172750031
673,-0.08825191908315973,-0.02941323131977364,0.474507172750031
674,-0.08825191908315973,-0.02941323131977364,0.474507172750031
675,0.316030400607337,-0.08544672878518979,0.6178376055696447
676,0.316030400607337,-0.08544672878518979,0.6178376055696447
677,0.17142321097197052,-0.04719894385085664,0.4411492887770917
678,-0.12761638434369948,0.004642988164938542,0.3622035884811348
679,-0.12761638434369948,0.004642988164938542,0.3622035884811348
680,-0.12761638434369948,0.004642988164938542,0.3622035884811348
681,0.316030400607337,-0.08544672878518979,0.6178376055696447
682,0.316030400607337,-0.08544672878518979,0.6178376055696447
683,0.23856647752173776,-0.06651504900370306,-0.4189518126874995
684,-0.05812948021844486,-0.014735275409965089,-0.4934851373663613
685,-0.05812948021844486,-0.014735275409965089,-0.4934851373663613
686,-0.05812948021844486,-0.014735275409965089,-0.4934851373663613
687,0.37768078392271903,-0.1046503974332772,-0.19600725416520984
688,0.37768078392271903,-0.1046503974332772,-0.19600725416520984
689,0.09561024477679908,-0.05310788574281892,-0.284722640109677
690,-0.05812948021844486,-0.014735275409965089,-0.4934851373663613
691,-0.05812948021844486,-0.014735275409965089,-0.4934851373663613
692,-0.05812948021844486,-0.014735275409965089,-0.4934851373663613
693,-0.05812948021844486,-0.014735275409965089,-0.4934851373663613
694,-0.05812948021844486,-0.014735275409965089,-0.4934851373663613
695,-0.05812948021844486,-0.014735275409965089,-0.4934851373663613
696,-0.05812948021844486,-0.014735275409965089,-0.4934851373663613
697,-0.05812948021844486,-0.014735275409965089,-0.4934851373663613
698,-0.05812948021844486,-0.014735275409965089,-0.4934851373663613
699,-0.05812948021844486,-0.014735275409965089,-0.4934851373663613
700,-0.05812948021844486,-0.014735275409965089,-0.4934851373663613
701,-0.05812948021844486,-0.014735275409965089,-0.4934851373663613
702,-0.05812948021844486,-0.014735275409965089,-0.4934851373663613
703,-0.05812948021844486,-0.014735275409965089,-0.4934851373663613
704,-0.05812948021844486,-0.014735275409965089,-0.4934851373663613
705,0.23856647752173776,-0.06651504900370306,-0.4189518126874995
706,0.23856647752173776,-0.06651504900370306,-0.4189518126874995
707,-0.05812948021844486,-0.014735275409965089,-0.4934851373663613
708,-0.05812948021844486,-0.014735275409965089,-0.4934851373663613
709,-0.05812948021844486,-0.014735275409965089,-0.4934851373663613
710,-0.05812948021844486,-0.014735275409965089,-0.4934851373663613
711,-0.05812948021844486,-0.014735275409965089,-0.4934851373663613
712,0.23856647752173776,-0.06651504900370306,-0.4189518126874995
713,0.23856647752173776,-0.06651504900370306,-0.4189518126874995
714,0.23856647752173776,-0.06651504900370306,-0.4189518126874995
715,-0.05812948021844486,-0.014735275409965089,-0.4934851373663613
716,-0.05812948021844486,-0.014735275409965089,-0.4934851373663613
717,-0.05812948021844486,-0.014735275409965089,-0.4934851373663613
718,0.09561024477679908,-0.05310788574281892,-0.284722640109677
719,-0.08825191908315973,-0.02941323131977364,0.474507172750031
720,-0.08825191908315973,-0.02941323131977364,0.474507172750031
721,-0.08825191908315973,-0.02941323131977364,0.474507172750031
722,-0.08825191908315973,-0.02941323131977364,0.474507172750031
723,-0.23793154482578455,0.008999596837013398,0.2617890636578637
724,-0.08825191908315973,-0.02941323131977364,0.474507172750031
725,-0.08825191908315973,-0.02941323131977364,0.474507172750031
726,-0.23793154482578455,0.008999596837013398,0.2617890636578637
727,-0.23793154482578455,0.008999596837013398,0.2617890636578637
728,-0.08825191908315973,-0.02941323131977364,0.474507172750031
729,-0.23793154482578455,0.008999596837013398,0.2617890636578637
730,-0.08825191908315973,-0.02941323131977364,0.474507172750031
731,-0.08825191908315973,-0.02941323131977364,0.474507172750031
732,-0.08825191908315973,-0.02941323131977364,0.474507172750031
733,0.20980418267107093,-0.08112013694304435,0.544203310152758
734,0.05880032130487559,-0.04285096482778814,0.34720766549925897
735,0.20980418267107093,-0.08112013694304435,0.544203310152758
736,0.316030400607337,-0.08544672878518979,0.6178376055696447
737,0.17142321097197052,-0.04719894385085664,0.4411492887770917
738,0.34302585604723723,-0.07085130757174235,-0.3230316119527069
739,0.17142321097197052,-0.04719894385085664,0.4411492887770917
740,-0.12761638434369948,0.004642988164938542,0.3622035884811348
741,0.025776545734959733,-0.03376569505801552,0.5561647337628713
742,0.025776545734959733,-0.03376569505801552,0.5561647337628713
743,0.025776545734959733,-0.03376569505801552,0.5561647337628713
744,0.025776545734959733,-0.03376569505801552,0.5561647337628713
745,0.025776545734959733,-0.03376569505801552,0.5561647337628713
746,0.025776545734959733,-0.03376569505801552,0.5561647337628713
747,0.20712687117032863,-0.05745138336563386,-0.17945752013668886
748,0.20712687117032863,-0.05745138336563386,-0.17945752013668886
749,0.20712687117032863,-0.05745138336563386,-0.17945752013668886
750,0.05601059687282845,-0.019090840527095455,-0.40470707341550766
751,0.23856647752173776,-0.06651504900370306,-0.4189518126874995
752,0.23856647752173776,-0.06651504900370306,-0.4189518126874995
753,0.23856647752173776,-0.06651504900370306,-0.4189518126874995
754,0.23856647752173776,-0.06651504900370306,-0.4189518126874995
755,-0.05812948021844486,-0.014735275409965089,-0.4934851373663613
756,-0.05812948021844486,-0.014735275409965089,-0.4934851373663613
757,0.09561024477679908,-0.05310788574281892,-0.284722640109677
758,0.37768078392271903,-0.1046503974332772,-0.19600725416520984
759,0.37768078392271903,-0.1046503974332772,-0.19600725416520984
760,0.09561024477679908,-0.05310788574281892,-0.284722640109677
761,-0.05812948021844486,-0.014735275409965089,-0.4934851373663613
762,-0.05812948021844486,-0.014735275409965089,-0.4934851373663613
763,-0.05812948021844486,-0.014735275409965089,-0.4934851373663613
764,-0.05812948021844486,-0.014735275409965089,-0.4934851373663613
765,-0.05812948021844486,-0.014735275409965089,-0.4934851373663613
766,0.23856647752173776,-0.06651504900370306,-0.4189518126874995
767,0.23856647752173776,-0.06651504900370306,-0.4189518126874995
768,0.23856647752173776,-0.06651504900370306,-0.4189518126874995
769,-0.05812948021844486,-0.014735275409965089,-0.4934851373663613
770,-0.05812948021844486,-0.014735275409965089,-0.4934851373663613
771,-0.05812948021844486,-0.014735275409965089,-0.4934851373663613
772,-0.05812948021844486,-0.014735275409965089,-0.4934851373663613
773,-0.05812948021844486,-0.014735275409965089,-0.4934851373663613
774,-0.05812948021844486,-0.014735275409965089,-0.4934851373663613
775,0.23856647752173776,-0.06651504900370306,-0.4189518126874995
776,0.23856647752173776,-0.06651504900370306,-0.4189518126874995
777,0.09561024477679908,-0.05310788574281892,-0.284722640109677
778,0.09561024477679908,-0.05310788574281892,-0.284722640109677
779,0.09561024477679908,-0.05310788574281892,-0.284722640109677
780,0.09561024477679908,-0.05310788574281892,-0.284722640109677
781,0.09561024477679908,-0.05310788574281892,-0.284722640109677
782,0.09561024477679908,-0.05310788574281892,-0.284722640109677
783,0.09561024477679908,-0.05310788574281892,-0.284722640109677
784,0.09561024477679908,-0.05310788574281892,-0.284722640109677
785,0.09561024477679908,-0.05310788574281892,-0.284722640109677
786,0.025776545734959733,-0.03376569505801552,0.5561647337628713
787,0.025776545734959733,-0.03376569505801552,0.5561647337628713
788,-0.12761638434369948,0.004642988164938542,0.3622035884811348
789,-0.12761638434369948,0.004642988164938542,0.3622035884811348
790,0.025776545734959733,-0.03376569505801552,0.5561647337628713
791,0.025776545734959733,-0.03376569505801552,0.5561647337628713
792,0.025776545734959733,-0.03376569505801552,0.5561647337628713
793,0.025776545734959733,-0.03376569505801552,0.5561647337628713
794,0.025776545734959733,-0.03376569505801552,0.5561647337628713
795,-0.12761638434369948,0.004642988164938542,0.3622035884811348
796,-0.12761638434369948,0.004642988164938542,0.3622035884811348
797,0.025776545734959733,-0.03376569505801552,0.5561647337628713
798,0.025776545734959733,-0.03376569505801552,0.5561647337628713
799,0.025776545734959733,-0.03376569505801552,0.5561647337628713
800,-0.12761638434369948,0.004642988164938542,0.3622035884811348
801,0.025776545734959733,-0.03376569505801552,0.5561647337628713
802,0.025776545734959733,-0.03376569505801552,0.5561647337628713
803,0.025776545734959733,-0.03376569505801552,0.5561647337628713
804,0.025776545734959733,-0.03376569505801552,0.5561647337628713
805,0.025776545734959733,-0.03376569505801552,0.5561647337628713
806,0.20712687117032863,-0.05745138336563386,-0.17945752013668886
807,0.20712687117032863,-0.05745138336563386,-0.17945752013668886
808,0.09561024477679908,-0.05310788574281892,-0.284722640109677
809,0.09561024477679908,-0.05310788574281892,-0.284722640109677
810,0.37768078392271903,-0.1046503974332772,-0.19600725416520984
811,0.23856647752173776,-0.06651504900370306,-0.4189518126874995
812,0.23856647752173776,-0.06651504900370306,-0.4189518126874995
813,0.23856647752173776,-0.06651504900370306,-0.4189518126874995
814,-0.05812948021844486,-0.014735275409965089,-0.4934851373663613
815,-0.05812948021844486,-0.014735275409965089,-0.4934851373663613
816,-0.05812948021844486,-0.014735275409965089,-0.4934851373663613
817,-0.05812948021844486,-0.014735275409965089,-0.4934851373663613
818,0.23856647752173776,-0.06651504900370306,-0.4189518126874995
819,0.23856647752173776,-0.06651504900370306,-0.4189518126874995
820,0.23856647752173776,-0.06651504900370306,-0.4189518126874995
821,-0.05812948021844486,-0.014735275409965089,-0.4934851373663613
822,-0.05812948021844486,-0.014735275409965089,-0.4934851373663613
823,-0.05812948021844486,-0.014735275409965089,-0.4934851373663613
824,-0.05812948021844486,-0.014735275409965089,-0.4934851373663613
825,-0.05812948021844486,-0.014735275409965089,-0.4934851373663613
826,-0.05812948021844486,-0.014735275409965089,-0.4934851373663613
827,-0.05812948021844486,-0.014735275409965089,-0.4934851373663613
828,-0.05812948021844486,-0.014735275409965089,-0.4934851373663613
829,0.23856647752173776,-0.06651504900370306,-0.4189518126874995
830,0.23856647752173776,-0.06651504900370306,-0.4189518126874995
831,-0.05812948021844486,-0.014735275409965089,-0.4934851373663613
832,-0.05812948021844486,-0.014735275409965089,-0.4934851373663613
833,-0.05812948021844486,-0.014735275409965089,-0.4934851373663613
834,-0.05812948021844486,-0.014735275409965089,-0.4934851373663613
835,-0.05812948021844486,-0.014735275409965089,-0.4934851373663613
836,-0.05812948021844486,-0.014735275409965089,-0.4934851373663613
837,-0.05812948021844486,-0.014735275409965089,-0.4934851373663613
838,0.23856647752173776,-0.06651504900370306,-0.4189518126874995
839,0.23856647752173776,-0.06651504900370306,-0.4189518126874995
840,-0.05812948021844486,-0.014735275409965089,-0.4934851373663613
841,-0.05812948021844486,-0.014735275409965089,-0.4934851373663613
842,-0.23793154482578455,0.008999596837013398,0.2617890636578637
843,-0.23793154482578455,0.008999596837013398,0.2617890636578637
844,-0.23793154482578455,0.008999596837013398,0.2617890636578637
845,-0.23793154482578455,0.008999596837013398,0.2617890636578637
846,-0.23793154482578455,0.008999596837013398,0.2617890636578637
847,-0.23793154482578455,0.008999596837013398,0.2617890636578637
848,-0.23793154482578455,0.008999596837013398,0.2617890636578637
849,-0.08825191908315973,-0.02941323131977364,0.474507172750031
850,-0.08825191908315973,-0.02941323131977364,0.474507172750031
851,-0.08825191908315973,-0.02941323131977364,0.474507172750031
852,-0.08825191908315973,-0.02941323131977364,0.474507172750031
853,-0.08825191908315973,-0.02941323131977364,0.474507172750031
854,0.20980418267107093,-0.08112013694304435,0.544203310152758
855,0.05880032130487559,-0.04285096482778814,0.34720766549925897
856,-0.23793154482578455,0.008999596837013398,0.2617890636578637
857,0.316030400607337,-0.08544672878518979,0.6178376055696447
858,0.316030400607337,-0.08544672878518979,0.6178376055696447
859,0.025776545734959733,-0.03376569505801552,0.5561647337628713
860,0.025776545734959733,-0.03376569505801552,0.5561647337628713
861,0.025776545734959733,-0.03376569505801552,0.5561647337628713
862,0.025776545734959733,-0.03376569505801552,0.5561647337628713
863,0.025776545734959733,-0.03376569505801552,0.5561647337628713
864,0.20712687117032863,-0.05745138336563386,-0.17945752013668886
865,0.025776545734959733,-0.03376569505801552,0.5561647337628713
866,-0.12761638434369948,0.004642988164938542,0.3622035884811348
867,0.20712687117032863,-0.05745138336563386,-0.17945752013668886
868,0.025776545734959733,-0.03376569505801552,0.5561647337628713
869,0.05601059687282845,-0.019090840527095455,-0.40470707341550766
870,0.20712687117032863,-0.05745138336563386,-0.17945752013668886
871,0.20712687117032863,-0.05745138336563386,-0.17945752013668886
872,0.4712034817663259,-0.10895751007982635,-0.08696486840228881
873,0.4712034817663259,-0.10895751007982635,-0.08696486840228881
874,0.34302585604723723,-0.07085130757174235,-0.3230316119527069
875,-0.05812948021844486,-0.014735275409965089,-0.4934851373663613
876,-0.05812948021844486,-0.014735275409965089,-0.4934851373663613
877,-0.05812948021844486,-0.014735275409965089,-0.4934851373663613
878,-0.05812948021844486,-0.014735275409965089,-0.4934851373663613
879,0.37768078392271903,-0.1046503974332772,-0.19600725416520984
880,0.37768078392271903,-0.1046503974332772,-0.19600725416520984
881,0.37768078392271903,-0.1046503974332772,-0.19600725416520984
882,0.09561024477679908,-0.05310788574281892,-0.284722640109677
883,-0.05812948021844486,-0.014735275409965089,-0.4934851373663613
884,-0.05812948021844486,-0.014735275409965089,-0.4934851373663613
885,-0.05812948021844486,-0.014735275409965089,-0.4934851373663613
886,-0.05812948021844486,-0.014735275409965089,-0.4934851373663613
887,-0.05812948021844486,-0.014735275409965089,-0.4934851373663613
888,-0.05812948021844486,-0.014735275409965089,-0.4934851373663613
889,-0.05812948021844486,-0.014735275409965089,-0.4934851373663613
890,-0.05812948021844486,-0.014735275409965089,-0.4934851373663613
891,-0.05812948021844486,-0.014735275409965089,-0.4934851373663613
892,0.23856647752173776,-0.06651504900370306,-0.4189518126874995
893,0.23856647752173776,-0.06651504900370306,-0.4189518126874995
894,-0.05812948021844486,-0.014735275409965089,-0.4934851373663613
895,-0.05812948021844486,-0.014735275409965089,-0.4934851373663613
896,-0.05812948021844486,-0.014735275409965089,-0.4934851373663613
897,-0.05812948021844486,-0.014735275409965089,-0.4934851373663613
898,0.23856647752173776,-0.06651504900370306,-0.4189518126874995
899,-0.05812948021844486,-0.014735275409965089,-0.4934851373663613
900,-0.05812948021844486,-0.014735275409965089,-0.4934851373663613
901,-0.05812948021844486,-0.014735275409965089,-0.4934851373663613
902,-0.05812948021844486,-0.014735275409965089,-0.4934851373663613
903,-0.23793154482578455,0.008999596837013398,0.2617890636578637
904,-0.23793154482578455,0.008999596837013398,0.2617890636578637
905,-0.23793154482578455,0.008999596837013398,0.2617890636578637
906,-0.23793154482578455,0.008999596837013398,0.2617890636578637
907,-0.23793154482578455,0.008999596837013398,0.2617890636578637
908,-0.08825191908315973,-0.02941323131977364,0.474507172750031
909,-0.08825191908315973,-0.02941323131977364,0.474507172750031
910,-0.08825191908315973,-0.02941323131977364,0.474507172750031
911,-0.08825191908315973,-0.02941323131977364,0.474507172750031
912,-0.23793154482578455,0.008999596837013398,0.2617890636578637
913,-0.23793154482578455,0.008999596837013398,0.2617890636578637
914,-0.08825191908315973,-0.02941323131977364,0.474507172750031
915,-0.23793154482578455,0.008999596837013398,0.2617890636578637
916,-0.08825191908315973,-0.02941323131977364,0.474507172750031
917,-0.08825191908315973,-0.02941323131977364,0.474507172750031
918,-0.08825191908315973,-0.02941323131977364,0.474507172750031
919,0.20980418267107093,-0.08112013694304435,0.544203310152758
920,0.316030400607337,-0.08544672878518979,0.6178376055696447
921,0.17142321097197052,-0.04719894385085664,0.4411492887770917
922,0.34302585604723723,-0.07085130757174235,-0.3230316119527069
923,-0.12761638434369948,0.004642988164938542,0.3622035884811348
924,-0.12761638434369948,0.004642988164938542,0.3622035884811348
925,-0.12761638434369948,0.004642988164938542,0.3622035884811348
926,-0.12761638434369948,0.004642988164938542,0.3622035884811348
927,0.17142321097197052,-0.04719894385085664,0.4411492887770917
928,0.05880032130487559,-0.04285096482778814,0.34720766549925897
929,0.23856647752173776,-0.06651504900370306,-0.4189518126874995
930,-0.05812948021844486,-0.014735275409965089,-0.4934851373663613
931,-0.05812948021844486,-0.014735275409965089,-0.4934851373663613
932,0.09561024477679908,-0.05310788574281892,-0.284722640109677
933,0.37768078392271903,-0.1046503974332772,-0.19600725416520984
934,0.37768078392271903,-0.1046503974332772,-0.19600725416520984
935,0.09561024477679908,-0.05310788574281892,-0.284722640109677
936,-0.05812948021844486,-0.014735275409965089,-0.4934851373663613
937,-0.05812948021844486,-0.014735275409965089,-0.4934851373663613
938,-0.05812948021844486,-0.014735275409965089,-0.4934851373663613
939,-0.05812948021844486,-0.014735275409965089,-0.4934851373663613
940,-0.05812948021844486,-0.014735275409965089,-0.4934851373663613
941,-0.05812948021844486,-0.014735275409965089,-0.4934851373663613
942,-0.05812948021844486,-0.014735275409965089,-0.4934851373663613
943,-0.05812948021844486,-0.014735275409965089,-0.4934851373663613
944,-0.05812948021844486,-0.014735275409965089,-0.4934851373663613
945,0.23856647752173776,-0.06651504900370306,-0.4189518126874995
946,0.23856647752173776,-0.06651504900370306,-0.4189518126874995
947,-0.05812948021844486,-0.014735275409965089,-0.4934851373663613
948,-0.05812948021844486,-0.014735275409965089,-0.4934851373663613
949,-0.05812948021844486,-0.014735275409965089,-0.4934851373663613
950,0.37768078392271903,-0.1046503974332772,-0.19600725416520984
951,0.37768078392271903,-0.1046503974332772,-0.19600725416520984
952,-0.05812948021844486,-0.014735275409965089,-0.4934851373663613
953,-0.05812948021844486,-0.014735275409965089,-0.4934851373663613
954,-0.05812948021844486,-0.014735275409965089,-0.4934851373663613
955,-0.05812948021844486,-0.014735275409965089,-0.4934851373663613
956,0.09561024477679908,-0.05310788574281892,-0.284722640109677
957,0.37768078392271903,-0.1046503974332772,-0.19600725416520984
958,0.37768078392271903,-0.1046503974332772,-0.19600725416520984
959,-0.05812948021844486,-0.014735275409965089,-0.4934851373663613
960,-0.05812948021844486,-0.014735275409965089,-0.4934851373663613
961,0.09561024477679908,-0.05310788574281892,-0.284722640109677
962,0.09561024477679908,-0.05310788574281892,-0.284722640109677
963,0.09561024477679908,-0.05310788574281892,-0.284722640109677
964,0.09561024477679908,-0.05310788574281892,-0.284722640109677
965,0.09561024477679908,-0.05310788574281892,-0.284722640109677
966,0.09561024477679908,-0.05310788574281892,-0.284722640109677
967,-0.08825191908315973,-0.02941323131977364,0.474507172750031
968,-0.23793154482578455,0.008999596837013398,0.2617890636578637
969,-0.23793154482578455,0.008999596837013398,0.2617890636578637
970,-0.23793154482578455,0.008999596837013398,0.2617890636578637
971,-0.08825191908315973,-0.02941323131977364,0.474507172750031
972,-0.08825191908315973,-0.02941323131977364,0.474507172750031
973,-0.23793154482578455,0.008999596837013398,0.2617890636578637
974,-0.08825191908315973,-0.02941323131977364,0.474507172750031
975,-0.08825191908315973,-0.02941323131977364,0.474507172750031
976,0.025776545734959733,-0.03376569505801552,0.5561647337628713
977,-0.12761638434369948,0.004642988164938542,0.3622035884811348
978,-0.12761638434369948,0.004642988164938542,0.3622035884811348
979,0.316030400607337,-0.08544672878518979,0.6178376055696447
980,0.316030400607337,-0.08544672878518979,0.6178376055696447
981,0.17142321097197052,-0.04719894385085664,0.4411492887770917
982,0.17142321097197052,-0.04719894385085664,0.4411492887770917
983,0.20712687117032863,-0.05745138336563386,-0.17945752013668886
984,0.025776545734959733,-0.03376569505801552,0.5561647337628713
985,0.025776545734959733,-0.03376569505801552,0.5561647337628713
986,0.025776545734959733,-0.03376569505801552,0.5561647337628713
987,0.025776545734959733,-0.03376569505801552,0.5561647337628713
988,0.025776545734959733,-0.03376569505801552,0.5561647337628713
989,-0.08825191908315973,-0.02941323131977364,0.474507172750031
990,0.20980418267107093,-0.08112013694304435,0.544203310152758
991,0.316030400607337,-0.08544672878518979,0.6178376055696447
992,0.20712687117032863,-0.05745138336563386,-0.17945752013668886
993,0.20712687117032863,-0.05745138336563386,-0.17945752013668886
994,0.20712687117032863,-0.05745138336563386,-0.17945752013668886
995,0.20712687117032863,-0.05745138336563386,-0.17945752013668886
996,0.37768078392271903,-0.1046503974332772,-0.19600725416520984
997,0.37768078392271903,-0.1046503974332772,-0.19600725416520984
998,-0.05812948021844486,-0.014735275409965089,-0.4934851373663613
999,0.09561024477679908,-0.05310788574281892,-0.284722640109677
0,0.0,0.0,0.0
1,-0.09434671897536784,0.2997090645013071,-0.8840490901105923
2,-0.09434671897536784,0.2997090645013071,-0.8840490901105923
3,-0.1906852384661475,0.7574494597463269,0.2861519387799924
4,0.09824730088562421,0.45059406520157175,0.9690212327287355
5,0.09942735192070372,0.34195866457882684,0.9975976752303508
6,0.09942735192070372,0.34195866457882684,0.9975976752303508
7,0.19562266810901202,-0.31374649172262586,0.9319808714880647
8,0.19562266810901202,-0.31374649172262586,0.9319808714880647
9,0.19447631276968178,-0.1931036301523394,0.36930591026385673
10,0.19447631276968178,-0.1931036301523394,0.36930591026385673
11,0.19447631276968178,-0.1931036301523394,0.36930591026385673
12,0.09824730088562421,0.45059406520157175,0.9690212327287355
13,0.09824730088562421,0.45059406520157175,0.9690212327287355
14,0.09824730088562421,0.45059406520157175,0.9690212327287355
15,0.09824730088562421,0.45059406520157175,0.9690212327287355
16,0.09824730088562421,0.45059406520157175,0.9690212327287355
17,0.09824730088562421,0.45059406520157175,0.9690212327287355
18,0.09824730088562421,0.45059406520157175,0.9690212327287355
19,0.09824730088562421,0.45059406520157175,0.9690212327287355
20,0.09824730088562421,0.45059406520157175,0.9690212327287355
21,0.09824730088562421,0.45059406520157175,0.9690212327287355
22,0.09824730088562421,0.45059406520157175,0.9690212327287355
23,0.09824730088562421,0.45059406520157175,0.9690212327287355
24,0.09824730088562421,0.45059406520157175,0.9690212327287355
25,0.09824730088562421,0.45059406520157175,0.9690212327287355
26,0.09824730088562421,0.45059406520157175,0.9690212327287355
27,0.09824730088562421,0.45059406520157175,0.9690212327287355
28,0.09824730088562421,0.45059406520157175,0.9690212327287355
29,0.09824730088562421,0.45059406520157175,0.9690212327287355
30,0.09824730088562421,0.45059406520157175,0.9690212327287355
31,0.036787536509705406,0.9326149231428809,0.44804558451160514
32,0.037977563637351774,0.9136147688711512,0.9433776177364233
33,0.037977563637351774,0.9136147688711512,0.9433776177364233
34,0.037977563637351774,0.9136147688711512,0.9433776177364233
35,0.037977563637351774,0.9136147688711512,0.9433776177364233
36,0.037977563637351774,0.9136147688711512,0.9433776177364233
37,0.036787536509705406,0.9326149231428809,0.44804558451160514
38,0.036787536509705406,0.9326149231428809,0.44804558451160514
39,0.036787536509705406,0.9326149231428809,0.44804558451160514
40,0.036787536509705406,0.9326149231428809,0.44804558451160514
41,0.036787536509705406,0.9326149231428809,0.44804558451160514
42,0.1344059199094778,0.7603728529049789,-0.8355128745709408
43,0.1344059199094778,0.7603728529049789,-0.8355128745709408
44,0.1344059199094778,0.7603728529049789,-0.8355128745709408
45,0.036787536509705406,0.9326149231428809,0.44804558451160514
46,0.036787536509705406,0.9326149231428809,0.44804558451160514
47,0.19447631276968178,-0.1931036301523394,0.36930591026385673
48,0.19447631276968178,-0.1931036301523394,0.36930591026385673
49,0.19447631276968178,-0.1931036301523394,0.36930591026385673
50,-0.03404557826186058,-0.6377196776858662,-0.7953768458871405
51,-0.03404557826186058,-0.6377196776858662,-0.7953768458871405
52,-0.03404557826186058,-0.6377196776858662,-0.7953768458871405
53,-0.03404557826186058,-0.6377196776858662,-0.7953768458871405
54,-0.1317091235282845,-0.07318537396592052,0.5388088418587337
55,-0.1317091235282845,-0.07318537396592052,0.5388088418587337
56,0.09824730088562421,0.45059406520157175,0.9690212327287355
57,0.09824730088562421,0.45059406520157175,0.9690212327287355
58,0.09824730088562421,0.45059406520157175,0.9690212327287355
59,0.09824730088562421,0.45059406520157175,0.9690212327287355
60,0.09824730088562421,0.45059406520157175,0.9690212327287355
61,0.09824730088562421,0.45059406520157175,0.9690212327287355
62,0.19447631276968178,-0.1931036301523394,0.36930591026385673
63,0.19447631276968178,-0.1931036301523394,0.36930591026385673
64,0.09824730088562421,0.45059406520157175,0.9690212327287355
65,0.09824730088562421,0.45059406520157175,0.9690212327287355
66,0.09824730088562421,0.45059406520157175,0.9690212327287355
67,0.09824730088562421,0.45059406520157175,0.9690212327287355
68,0.09824730088562421,0.45059406520157175,0.9690212327287355
69,0.09824730088562421,0.45059406520157175,0.9690212327287355
70,0.09824730088562421,0.45059406520157175,0.9690212327287355
71,0.19447631276968178,-0.1931036301523394,0.36930591026385673
72,0.19447631276968178,-0.1931036301523394,0.36930591026385673
73,0.09824730088562421,0.45059406520157175,0.9690212327287355
74,0.09824730088562421,0.45059406520157175,0.9690212327287355
75,0.09824730088562421,0.45059406520157175,0.9690212327287355
76,0.09824730088562421,0.45059406520157175,0.9690212327287355
77,0.09942735192070372,0.34195866457882684,0.9975976752303508
78,0.19562266810901202,-0.31374649172262586,0.9319808714880647
79,0.19562266810901202,-0.31374649172262586,0.9319808714880647
80,0.19562266810901202,-0.31374649172262586,0.9319808714880647
81,0.19562266810901202,-0.31374649172262586,0.9319808714880647
82,0.09824730088562421,0.45059406520157175,0.9690212327287355
83,0.09824730088562421,0.45059406520157175,0.9690212327287355
84,0.09824730088562421,0.45059406520157175,0.9690212327287355
85,0.09824730088562421,0.45059406520157175,0.9690212327287355
86,0.09942735192070372,0.34195866457882684,0.9975976752303508
87,0.09942735192070372,0.34195866457882684,0.9975976752303508
88,0.09942735192070372,0.34195866457882684,0.9975976752303508
89,0.09942735192070372,0.34195866457882684,0.9975976752303508
90,0.09942735192070372,0.34195866457882684,0.9975976752303508
91,0.09942735192070372,0.34195866457882684,0.9975976752303508
92,0.09942735192070372,0.34195866457882684,0.9975976752303508
93,0.09942735192070372,0.34195866457882684,0.9975976752303508
94,0.09942735192070372,0.34195866457882684,0.9975976752303508
95,0.09824730088562421,0.45059406520157175,0.9690212327287355
96,0.19562266810901202,-0.31374649172262586,0.9319808714880647
97,0.19562266810901202,-0.31374649172262586,0.9319808714880647
98,0.19447631276968178,-0.1931036301523394,0.36930591026385673
99,0.19447631276968178,-0.1931036301523394,0.36930591026385673
100,0.09824730088562421,0.45059406520157175,0.9690212327287355
101,0.09824730088562421,0.45059406520157175,0.9690212327287355
102,0.09824730088562421,0.45059406520157175,0.9690212327287355
103,0.09824730088562421,0.45059406520157175,0.9690212327287355
104,0.09824730088562421,0.45059406520157175,0.9690212327287355
105,0.19447631276968178,-0.1931036301523394,0.36930591026385673
106,0.19447631276968178,-0.1931036301523394,0.36930591026385673
107,0.09824730088562421,0.45059406520157175,0.9690212327287355
108,0.09824730088562421,0.45059406520157175,0.9690212327287355
109,0.036787536509705406,0.9326149231428809,0.44804558451160514
110,0.036787536509705406,0.9326149231428809,0.44804558451160514
111,0.1355758966968441,0.7003371037754842,0.07934631039451608
112,0.1355758966968441,0.7003371037754842,0.07934631039451608
113,0.1344059199094778,0.7603728529049789,-0.8355128745709408
114,-0.19183333866816452,0.8073395509443693,-0.757902042365105
115,-0.19183333866816452,0.8073395509443693,-0.757902042365105
116,-0.19183333866816452,0.8073395509443693,-0.757902042365105
117,-0.19183333866816452,0.8073395509443693,-0.757902042365105
118,-0.19183333866816452,0.8073395509443693,-0.757902042365105
119,-0.19183333866816452,0.8073395509443693,-0.757902042365105
120,-0.1906852384661475,0.7574494597463269,0.2861519387799924
121,-0.1906852384661475,0.7574494597463269,0.2861519387799924
122,0.09942735192070372,0.34195866457882684,0.9975976752303508
123,0.037977563637351774,0.9136147688711512,0.9433776177364233
124,0.036787536509705406,0.9326149231428809,0.44804558451160514
125,0.036787536509705406,0.9326149231428809,0.44804558451160514
126,0.036787536509705406,0.9326149231428809,0.44804558451160514
127,0.1344059199094778,0.7603728529049789,-0.8355128745709408
128,0.1344059199094778,0.7603728529049789,-0.8355128745709408
129,0.036787536509705406,0.9326149231428809,0.44804558451160514
130,0.1344059199094778,0.7603728529049789,-0.8355128745709408
131,0.19447631276968178,-0.1931036301523394,0.36930591026385673
132,0.1344059199094778,0.7603728529049789,-0.8355128745709408
133,0.1344059199094778,0.7603728529049789,-0.8355128745709408
134,0.036787536509705406,0.9326149231428809,0.44804558451160514
135,0.036787536509705406,0.9326149231428809,0.44804558451160514
136,0.19447631276968178,-0.1931036301523394,0.36930591026385673
137,0.19447631276968178,-0.1931036301523394,0.36930591026385673
138,0.19447631276968178,-0.1931036301523394,0.36930591026385673
139,0.19447631276968178,-0.1931036301523394,0.36930591026385673
140,0.19447631276968178,-0.1931036301523394,0.36930591026385673
141,0.19447631276968178,-0.1931036301523394,0.36930591026385673
142,0.19447631276968178,-0.1931036301523394,0.36930591026385673
143,0.09824730088562421,0.45059406520157175,0.9690212327287355
144,0.09824730088562421,0.45059406520157175,0.9690212327287355
145,0.09824730088562421,0.45059406520157175,0.9690212327287355
146,0.09824730088562421,0.45059406520157175,0.9690212327287355
147,0.09824730088562421,0.45059406520157175,0.9690212327287355
148,0.09824730088562421,0.45059406520157175,0.9690212327287355
149,0.09824730088562421,0.45059406520157175,0.9690212327287355
150,0.09824730088562421,0.45059406520157175,0.9690212327287355
151,0.09824730088562421,0.45059406520157175,0.9690212327287355
152,0.09824730088562421,0.45059406520157175,0.9690212327287355
153,0.09824730088562421,0.45059406520157175,0.9690212327287355
154,0.09824730088562421,0.45059406520157175,0.9690212327287355
155,0.09824730088562421,0.45059406520157175,0.9690212327287355
156,0.19447631276968178,-0.1931036301523394,0.36930591026385673
157,0.19447631276968178,-0.1931036301523394,0.36930591026385673
158,0.19447631276968178,-0.1931036301523394,0.36930591026385673
159,0.19447631276968178,-0.1931036301523394,0.36930591026385673
160,0.09824730088562421,0.45059406520157175,0.9690212327287355
161,0.09824730088562421,0.45059406520157175,0.9690212327287355
162,0.19447631276968178,-0.1931036301523394,0.36930591026385673
163,0.19447631276968178,-0.1931036301523394,0.36930591026385673
164,0.09824730088562421,0.45059406520157175,0.9690212327287355
165,0.09942735192070372,0.34195866457882684,0.9975976752303508
166,0.09942735192070372,0.34195866457882684,0.9975976752303508
167,0.19562266810901202,-0.31374649172262586,0.9319808714880647
168,0.19562266810901202,-0.31374649172262586,0.9319808714880647
169,0.19447631276968178,-0.1931036301523394,0.36930591026385673
170,0.19447631276968178,-0.1931036301523394,0.36930591026385673
171,0.19447631276968178,-0.1931036301523394,0.36930591026385673
172,0.036787536509705406,0.9326149231428809,0.44804558451160514
173,0.036787536509705406,0.9326149231428809,0.44804558451160514
174,0.036787536509705406,0.9326149231428809,0.44804558451160514
175,0.1344059199094778,0.7603728529049789,-0.8355128745709408
176,0.1344059199094778,0.7603728529049789,-0.8355128745709408
177,0.036787536509705406,0.9326149231428809,0.44804558451160514
178,0.036787536509705406,0.9326149231428809,0.44804558451160514
179,0.037977563637351774,0.9136147688711512,0.9433776177364233
180,0.037977563637351774,0.9136147688711512,0.9433776177364233
181,0.19562266810901202,-0.31374649172262586,0.9319808714880647
182,0.19562266810901202,-0.31374649172262586,0.9319808714880647
183,0.19447631276968178,-0.1931036301523394,0.36930591026385673
184,0.19447631276968178,-0.1931036301523394,0.36930591026385673
185,0.19447631276968178,-0.1931036301523394,0.36930591026385673
186,0.19447631276968178,-0.1931036301523394,0.36930591026385673
187,-0.03404557826186058,-0.6377196776858662,-0.7953768458871405
188,-0.03404557826186058,-0.6377196776858662,-0.7953768458871405
189,-0.1317091235282845,-0.07318537396592052,0.5388088418587337
190,-0.1317091235282845,-0.07318537396592052,0.5388088418587337
191,-0.1317091235282845,-0.07318537396592052,0.5388088418587337
192,0.036787536509705406,0.9326149231428809,0.44804558451160514
193,0.036787536509705406,0.9326149231428809,0.44804558451160514
194,0.036787536509705406,0.9326149231428809,0.44804558451160514
195,0.036787536509705406,0.9326149231428809,0.44804558451160514
196,0.036787536509705406,0.9326149231428809,0.44804558451160514
197,0.036787536509705406,0.9326149231428809,0.44804558451160514
198,0.1344059199094778,0.7603728529049789,-0.8355128745709408
199,0.1344059199094778,0.7603728529049789,-0.8355128745709408
200,0.1344059199094778,0.7603728529049789,-0.8355128745709408
201,0.1344059199094778,0.7603728529049789,-0.8355128745709408
202,0.1344059199094778,0.7603728529049789,-0.8355128745709408
203,0.1344059199094778,0.7603728529049789,-0.8355128745709408
204,0.1344059199094778,0.7603728529049789,-0.8355128745709408
205,0.1344059199094778,0.7603728529049789,-0.8355128745709408
206,0.19447631276968178,-0.1931036301523394,0.36930591026385673
207,0.09824730088562421,0.45059406520157175,0.9690212327287355
208,0.19447631276968178,-0.1931036301523394,0.36930591026385673
209,0.19447631276968178,-0.1931036301523394,0.36930591026385673
210,0.19447631276968178,-0.1931036301523394,0.36930591026385673
211,-0.03404557826186058,-0.6377196776858662,-0.7953768458871405
212,-0.03404557826186058,-0.6377196776858662,-0.7953768458871405
213,-0.03404557826186058,-0.6377196776858662,-0.7953768458871405
214,-0.1317091235282845,-0.07318537396592052,0.5388088418587337
215,-0.13053792028954989,-0.1997316253667903,0.95520812370694
216,-0.13053792028954989,-0.1997316253667903,0.95520812370694
217,0.09942735192070372,0.34195866457882684,0.9975976752303508
218,0.09942735192070372,0.34195866457882684,0.9975976752303508
219,0.19447631276968178,-0.1931036301523394,0.36930591026385673
220,0.19562266810901202,-0.31374649172262586,0.9319808714880647
221,0.09824730088562421,0.45059406520157175,0.9690212327287355
222,0.09824730088562421,0.45059406520157175,0.9690212327287355
223,0.09824730088562421,0.45059406520157175,0.9690212327287355
224,0.09824730088562421,0.45059406520157175,0.9690212327287355
225,0.09824730088562421,0.45059406520157175,0.9690212327287355
226,0.09824730088562421,0.45059406520157175,0.9690212327287355
227,0.09824730088562421,0.45059406520157175,0.9690212327287355
228,0.09824730088562421,0.45059406520157175,0.9690212327287355
229,0.09824730088562421,0.45059406520157175,0.9690212327287355
230,0.09824730088562421,0.45059406520157175,0.9690212327287355
231,0.09824730088562421,0.45059406520157175,0.9690212327287355
232,0.09824730088562421,0.45059406520157175,0.9690212327287355
233,0.09824730088562421,0.45059406520157175,0.9690212327287355
234,0.09824730088562421,0.45059406520157175,0.9690212327287355
235,0.09824730088562421,0.45059406520157175,0.9690212327287355
236,0.09824730088562421,0.45059406520157175,0.9690212327287355
237,0.09824730088562421,0.45059406520157175,0.9690212327287355
238,0.09824730088562421,0.45059406520157175,0.9690212327287355
239,0.09824730088562421,0.45059406520157175,0.9690212327287355
240,0.09824730088562421,0.45059406520157175,0.9690212327287355
241,0.09824730088562421,0.45059406520157175,0.9690212327287355
242,0.19447631276968178,-0.1931036301523394,0.36930591026385673
243,0.19447631276968178,-0.1931036301523394,0.36930591026385673
244,0.09824730088562421,0.45059406520157175,0.9690212327287355
245,0.09824730088562421,0.45059406520157175,0.9690212327287355
246,0.09824730088562421,0.45059406520157175,0.9690212327287355
247,0.09824730088562421,0.45059406520157175,0.9690212327287355
248,0.19447631276968178,-0.1931036301523394,0.36930591026385673
249,0.19447631276968178,-0.1931036301523394,0.36930591026385673
250,0.09824730088562421,0.45059406520157175,0.9690212327287355
251,0.09824730088562421,0.45059406520157175,0.9690212327287355
252,0.09942735192070372,0.34195866457882684,0.9975976752303508
253,0.09942735192070372,0.34195866457882684,0.9975976752303508
254,0.19562266810901202,-0.31374649172262586,0.9319808714880647
255,0.19562266810901202,-0.31374649172262586,0.9319808714880647
256,0.1344059199094778,0.7603728529049789,-0.8355128745709408
257,0.1344059199094778,0.7603728529049789,-0.8355128745709408
258,0.036787536509705406,0.9326149231428809,0.44804558451160514
259,0.036787536509705406,0.9326149231428809,0.44804558451160514
260,0.036787536509705406,0.9326149231428809,0.44804558451160514
261,0.036787536509705406,0.9326149231428809,0.44804558451160514
262,0.09824730088562421,0.45059406520157175,0.9690212327287355
263,0.036787536509705406,0.9326149231428809,0.44804558451160514
264,0.036787536509705406,0.9326149231428809,0.44804558451160514
265,0.036787536509705406,0.9326149231428809,0.44804558451160514
266,0.036787536509705406,0.9326149231428809,0.44804558451160514
267,-0.19183333866816452,0.8073395509443693,-0.757902042365105
268,-0.19183333866816452,0.8073395509443693,-0.757902042365105
269,-0.19183333866816452,0.8073395509443693,-0.757902042365105
270,-0.19183333866816452,0.8073395509443693,-0.757902042365105
271,-0.09552767062773404,0.4122646052054355,-0.9906355201750123
272,-0.09552767062773404,0.4122646052054355,-0.9906355201750123
273,-0.03404557826186058,-0.6377196776858662,-0.7953768458871405
274,-0.19183333866816452,0.8073395509443693,-0.757902042365105
275,0.09824730088562421,0.45059406520157175,0.9690212327287355
276,0.09824730088562421,0.45059406520157175,0.9690212327287355
277,0.09824730088562421,0.45059406520157175,0.9690212327287355
278,0.09824730088562421,0.45059406520157175,0.9690212327287355
279,0.19447631276968178,-0.1931036301523394,0.36930591026385673
280,0.19447631276968178,-0.1931036301523394,0.36930591026385673
281,0.19447631276968178,-0.1931036301523394,0.36930591026385673
282,0.19447631276968178,-0.1931036301523394,0.36930591026385673
283,0.19447631276968178,-0.1931036301523394,0.36930591026385673
284,0.19447631276968178,-0.1931036301523394,0.36930591026385673
285,0.19562266810901202,-0.31374649172262586,0.9319808714880647
286,0.19562266810901202,-0.31374649172262586,0.9319808714880647
287,0.19562266810901202,-0.31374649172262586,0.9319808714880647
288,0.19562266810901202,-0.31374649172262586,0.9319808714880647
289,0.19562266810901202,-0.31374649172262586,0.9319808714880647
290,0.19562266810901202,-0.31374649172262586,0.9319808714880647
291,0.19562266810901202,-0.31374649172262586,0.9319808714880647
292,0.09942735192070372,0.34195866457882684,0.9975976752303508
293,0.09942735192070372,0.34195866457882684,0.9975976752303508
294,0.09942735192070372,0.34195866457882684,0.9975976752303508
295,0.09942735192070372,0.34195866457882684,0.9975976752303508
296,0.09942735192070372,0.34195866457882684,0.9975976752303508
297,0.09942735192070372,0.34195866457882684,0.9975976752303508
298,0.09942735192070372,0.34195866457882684,0.9975976752303508
299,0.09942735192070372,0.34195866457882684,0.9975976752303508
300,0.09942735192070372,0.34195866457882684,0.9975976752303508
301,0.09942735192070372,0.34195866457882684,0.9975976752303508
302,0.09824730088562421,0.45059406520157175,0.9690212327287355
303,0.09824730088562421,0.45059406520157175,0.9690212327287355
304,0.09824730088562421,0.45059406520157175,0.9690212327287355
305,0.09824730088562421,0.45059406520157175,0.9690212327287355
306,0.09824730088562421,0.45059406520157175,0.9690212327287355
307,0.09824730088562421,0.45059406520157175,0.9690212327287355
308,0.09824730088562421,0.45059406520157175,0.9690212327287355
309,0.09824730088562421,0.45059406520157175,0.9690212327287355
310,0.09824730088562421,0.45059406520157175,0.9690212327287355
311,0.09824730088562421,0.45059406520157175,0.9690212327287355
312,0.09824730088562421,0.45059406520157175,0.9690212327287355
313,0.09824730088562421,0.45059406520157175,0.9690212327287355
314,0.09824730088562421,0.45059406520157175,0.9690212327287355
315,0.09824730088562421,0.45059406520157175,0.9690212327287355
316,0.09824730088562421,0.45059406520157175,0.9690212327287355
317,0.09824730088562421,0.45059406520157175,0.9690212327287355
318,0.036787536509705406,0.9326149231428809,0.44804558451160514
319,0.036787536509705406,0.9326149231428809,0.44804558451160514
320,0.036787536509705406,0.9326149231428809,0.44804558451160514
321,0.036787536509705406,0.9326149231428809,0.44804558451160514
322,0.036787536509705406,0.9326149231428809,0.44804558451160514
323,0.036787536509705406,0.9326149231428809,0.44804558451160514
324,0.036787536509705406,0.9326149231428809,0.44804558451160514
325,0.036787536509705406,0.9326149231428809,0.44804558451160514
326,-0.19183333866816452,0.8073395509443693,-0.757902042365105
327,-0.19183333866816452,0.8073395509443693,-0.757902042365105
328,-0.09552767062773404,0.4122646052054355,-0.9906355201750123
329,-0.09552767062773404,0.4122646052054355,-0.9906355201750123
330,-0.19183333866816452,0.8073395509443693,-0.757902042365105
331,-0.19183333866816452,0.8073395509443693,-0.757902042365105
332,-0.1317091235282845,-0.07318537396592052,0.5388088418587337
333,-0.1317091235282845,-0.07318537396592052,0.5388088418587337
334,-0.1317091235282845,-0.07318537396592052,0.5388088418587337
335,-0.1317091235282845,-0.07318537396592052,0.5388088418587337
336,-0.03404557826186058,-0.6377196776858662,-0.7953768458871405
337,0.19447631276968178,-0.1931036301523394,0.36930591026385673
338,0.19447631276968178,-0.1931036301523394,0.36930591026385673
339,0.19447631276968178,-0.1931036301523394,0.36930591026385673
340,0.19447631276968178,-0.1931036301523394,0.36930591026385673
341,0.19447631276968178,-0.1931036301523394,0.36930591026385673
342,0.19447631276968178,-0.1931036301523394,0.36930591026385673
343,0.19447631276968178,-0.1931036301523394,0.36930591026385673
344,0.19447631276968178,-0.1931036301523394,0.36930591026385673
345,0.19447631276968178,-0.1931036301523394,0.36930591026385673
346,0.19447631276968178,-0.1931036301523394,0.36930591026385673
347,0.19447631276968178,-0.1931036301523394,0.36930591026385673
348,0.19447631276968178,-0.1931036301523394,0.36930591026385673
349,0.19447631276968178,-0.1931036301523394,0.36930591026385673
350,0.19447631276968178,-0.1931036301523394,0.36930591026385673
351,0.19447631276968178,-0.1931036301523394,0.36930591026385673
352,0.19447631276968178,-0.1931036301523394,0.36930591026385673
353,0.19447631276968178,-0.1931036301523394,0.36930591026385673
354,0.19447631276968178,-0.1931036301523394,0.36930591026385673
355,0.19447631276968178,-0.1931036301523394,0.36930591026385673
356,0.19447631276968178,-0.1931036301523394,0.36930591026385673
357,0.19562266810901202,-0.31374649172262586,0.9319808714880647
358,0.19562266810901202,-0.31374649172262586,0.9319808714880647
359,0.19562266810901202,-0.31374649172262586,0.9319808714880647
360,0.19562266810901202,-0.31374649172262586,0.9319808714880647
361,0.19562266810901202,-0.31374649172262586,0.9319808714880647
362,0.19562266810901202,-0.31374649172262586,0.9319808714880647
363,0.09942735192070372,0.34195866457882684,0.9975976752303508
364,0.09942735192070372,0.34195866457882684,0.9975976752303508
365,0.09942735192070372,0.34195866457882684,0.9975976752303508
366,0.09942735192070372,0.34195866457882684,0.9975976752303508
367,0.09942735192070372,0.34195866457882684,0.9975976752303508
368,0.09942735192070372,0.34195866457882684,0.9975976752303508
369,0.09942735192070372,0.34195866457882684,0.9975976752303508
370,0.09942735192070372,0.34195866457882684,0.9975976752303508
371,0.09942735192070372,0.34195866457882684,0.9975976752303508
372,0.09942735192070372,0.34195866457882684,0.9975976752303508
373,0.09942735192070372,0.34195866457882684,0.9975976752303508
374,0.09824730088562421,0.45059406520157175,0.9690212327287355
375,0.09824730088562421,0.45059406520157175,0.9690212327287355
376,0.09824730088562421,0.45059406520157175,0.9690212327287355
377,0.09824730088562421,0.45059406520157175,0.9690212327287355
378,0.09824730088562421,0.45059406520157175,0.9690212327287355
379,0.036787536509705406,0.9326149231428809,0.44804558451160514
380,0.036787536509705406,0.9326149231428809,0.44804558451160514
381,0.036787536509705406,0.9326149231428809,0.44804558451160514
382,0.036787536509705406,0.9326149231428809,0.44804558451160514
383,0.036787536509705406,0.9326149231428809,0.44804558451160514
384,0.036787536509705406,0.9326149231428809,0.44804558451160514
385,0.036787536509705406,0.9326149231428809,0.44804558451160514
386,0.036787536509705406,0.9326149231428809,0.44804558451160514
387,0.036787536509705406,0.9326149231428809,0.44804558451160514
388,0.036787536509705406,0.9326149231428809,0.44804558451160514
389,0.036787536509705406,0.9326149231428809,0.44804558451160514
390,-0.19183333866816452,0.8073395509443693,-0.757902042365105
391,-0.19183333866816452,0.8073395509443693,-0.757902042365105
392,-0.19183333866816452,0.8073395509443693,-0.757902042365105
393,-0.19183333866816452,0.8073395509443693,-0.757902042365105
394,-0.09552767062773404,0.4122646052054355,-0.9906355201750123
395,-0.03404557826186058,-0.6377196776858662,-0.7953768458871405
396,-0.03404557826186058,-0.6377196776858662,-0.7953768458871405
397,-0.03404557826186058,-0.6377196776858662,-0.7953768458871405
398,-0.1317091235282845,-0.07318537396592052,0.5388088418587337
399,-0.1317091235282845,-0.07318537396592052,0.5388088418587337
400,-0.1317091235282845,-0.07318537396592052,0.5388088418587337
401,0.19447631276968178,-0.1931036301523394,0.36930591026385673
402,0.19447631276968178,-0.1931036301523394,0.36930591026385673
403,0.19447631276968178,-0.1931036301523394,0.36930591026385673
404,0.19447631276968178,-0.1931036301523394,0.36930591026385673
405,0.19447631276968178,-0.1931036301523394,0.36930591026385673
406,0.19447631276968178,-0.1931036301523394,0.36930591026385673
407,0.19447631276968178,-0.1931036301523394,0.36930591026385673
408,0.19447631276968178,-0.1931036301523394,0.36930591026385673
409,0.19447631276968178,-0.1931036301523394,0.36930591026385673
410,0.19447631276968178,-0.1931036301523394,0.36930591026385673
411,0.09824730088562421,0.45059406520157175,0.9690212327287355
412,0.09824730088562421,0.45059406520157175,0.9690212327287355
413,0.19447631276968178,-0.1931036301523394,0.36930591026385673
414,0.19447631276968178,-0.1931036301523394,0.36930591026385673
415,0.09824730088562421,0.45059406520157175,0.9690212327287355
416,0.09824730088562421,0.45059406520157175,0.9690212327287355
417,0.09824730088562421,0.45059406520157175,0.9690212327287355
418,0.09824730088562421,0.45059406520157175,0.9690212327287355
419,0.09824730088562421,0.45059406520157175,0.9690212327287355
420,0.09824730088562421,0.45059406520157175,0.9690212327287355
421,0.09824730088562421,0.45059406520157175,0.9690212327287355
422,0.19562266810901202,-0.31374649172262586,0.9319808714880647
423,0.19562266810901202,-0.31374649172262586,0.9319808714880647
424,0.19447631276968178,-0.1931036301523394,0.36930591026385673
425,0.19447631276968178,-0.1931036301523394,0.36930591026385673
426,0.09824730088562421,0.45059406520157175,0.9690212327287355
427,0.09824730088562421,0.45059406520157175,0.9690212327287355
428,0.09824730088562421,0.45059406520157175,0.9690212327287355
429,0.19447631276968178,-0.1931036301523394,0.36930591026385673
430,0.19447631276968178,-0.1931036301523394,0.36930591026385673
431,0.09942735192070372,0.34195866457882684,0.9975976752303508
432,0.09942735192070372,0.34195866457882684,0.9975976752303508
433,0.09942735192070372,0.34195866457882684,0.9975976752303508
434,0.09942735192070372,0.34195866457882684,0.9975976752303508
435,0.09942735192070372,0.34195866457882684,0.9975976752303508
436,0.19562266810901202,-0.31374649172262586,0.9319808714880647
437,0.19562266810901202,-0.31374649172262586,0.9319808714880647
438,0.09824730088562421,0.45059406520157175,0.9690212327287355
439,0.09824730088562421,0.45059406520157175,0.9690212327287355
440,0.09824730088562421,0.45059406520157175,0.9690212327287355
441,0.09824730088562421,0.45059406520157175,0.9690212327287355
442,0.09824730088562421,0.45059406520157175,0.9690212327287355
443,0.09824730088562421,0.45059406520157175,0.9690212327287355
444,0.09942735192070372,0.34195866457882684,0.9975976752303508
445,0.09942735192070372,0.34195866457882684,0.9975976752303508
446,0.09942735192070372,0.34195866457882684,0.9975976752303508
447,0.09942735192070372,0.34195866457882684,0.9975976752303508
448,0.09942735192070372,0.34195866457882684,0.9975976752303508
449,0.09824730088562421,0.45059406520157175,0.9690212327287355
450,0.09824730088562421,0.45059406520157175,0.9690212327287355
451,0.09824730088562421,0.45059406520157175,0.9690212327287355
452,0.09824730088562421,0.45059406520157175,0.9690212327287355
453,0.09824730088562421,0.45059406520157175,0.9690212327287355
454,0.036787536509705406,0.9326149231428809,0.44804558451160514
455,0.1344059199094778,0.7603728529049789,-0.8355128745709408
456,0.1344059199094778,0.7603728529049789,-0.8355128745709408
457,0.036787536509705406,0.9326149231428809,0.44804558451160514
458,-0.19183333866816452,0.8073395509443693,-0.757902042365105
459,-0.19183333866816452,0.8073395509443693,-0.757902042365105
460,-0.19183333866816452,0.8073395509443693,-0.757902042365105
461,-0.19183333866816452,0.8073395509443693,-0.757902042365105
462,-0.19183333866816452,0.8073395509443693,-0.757902042365105
463,-0.19183333866816452,0.8073395509443693,-0.757902042365105
464,-0.19183333866816452,0.8073395509443693,-0.757902042365105
465,-0.19183333866816452,0.8073395509443693,-0.757902042365105
466,-0.13053792028954989,-0.1997316253667903,0.95520812370694
467,-0.13053792028954989,-0.1997316253667903,0.95520812370694
468,-0.13053792028954989,-0.1997316253667903,0.95520812370694
469,0.09942735192070372,0.34195866457882684,0.9975976752303508
470,0.09824730088562421,0.45059406520157175,0.9690212327287355
471,0.09942735192070372,0.34195866457882684,0.9975976752303508
472,0.09942735192070372,0.34195866457882684,0.9975976752303508
473,0.09942735192070372,0.34195866457882684,0.9975976752303508
474,0.09942735192070372,0.34195866457882684,0.9975976752303508
475,0.09942735192070372,0.34195866457882684,0.9975976752303508
476,0.09942735192070372,0.34195866457882684,0.9975976752303508
477,0.19562266810901202,-0.31374649172262586,0.9319808714880647
478,0.19562266810901202,-0.31374649172262586,0.9319808714880647
479,0.19447631276968178,-0.1931036301523394,0.36930591026385673
480,0.19447631276968178,-0.1931036301523394,0.36930591026385673
481,0.09824730088562421,0.45059406520157175,0.9690212327287355
482,0.09824730088562421,0.45059406520157175,0.9690212327287355
483,0.09824730088562421,0.45059406520157175,0.9690212327287355
484,0.09824730088562421,0.45059406520157175,0.9690212327287355
485,0.09824730088562421,0.45059406520157175,0.9690212327287355
486,0.09824730088562421,0.45059406520157175,0.9690212327287355
487,0.09824730088562421,0.45059406520157175,0.9690212327287355
488,0.19447631276968178,-0.1931036301523394,0.36930591026385673
489,0.19447631276968178,-0.1931036301523394,0.36930591026385673
490,0.09824730088562421,0.45059406520157175,0.9690212327287355
491,0.09824730088562421,0.45059406520157175,0.9690212327287355
492,0.09824730088562421,0.45059406520157175,0.9690212327287355
493,0.09824730088562421,0.45059406520157175,0.9690212327287355
494,0.09824730088562421,0.45059406520157175,0.9690212327287355
495,0.09824730088562421,0.45059406520157175,0.9690212327287355
496,0.19447631276968178,-0.1931036301523394,0.36930591026385673
497,0.19447631276968178,-0.1931036301523394,0.36930591026385673
498,0.09824730088562421,0.45059406520157175,0.9690212327287355
499,0.09824730088562421,0.45059406520157175,0.9690212327287355
500,0.09824730088562421,0.45059406520157175,0.9690212327287355
501,0.09942735192070372,0.34195866457882684,0.9975976752303508
502,0.19562266810901202,-0.31374649172262586,0.9319808714880647
503,0.19562266810901202,-0.31374649172262586,0.9319808714880647
504,0.19447631276968178,-0.1931036301523394,0.36930591026385673
505,0.19447631276968178,-0.1931036301523394,0.36930591026385673
506,0.09824730088562421,0.45059406520157175,0.9690212327287355
507,0.09824730088562421,0.45059406520157175,0.9690212327287355
508,0.036787536509705406,0.9326149231428809,0.44804558451160514
509,0.036787536509705406,0.9326149231428809,0.44804558451160514
510,0.036787536509705406,0.9326149231428809,0.44804558451160514
511,0.036787536509705406,0.9326149231428809,0.44804558451160514
512,0.036787536509705406,0.9326149231428809,0.44804558451160514
513,0.036787536509705406,0.9326149231428809,0.44804558451160514
514,0.036787536509705406,0.9326149231428809,0.44804558451160514
515,0.036787536509705406,0.9326149231428809,0.44804558451160514
516,0.036787536509705406,0.9326149231428809,0.44804558451160514
517,0.036787536509705406,0.9326149231428809,0.44804558451160514
518,0.1344059199094778,0.7603728529049789,-0.8355128745709408
519,0.1344059199094778,0.7603728529049789,-0.8355128745709408
520,0.1344059199094778,0.7603728529049789,-0.8355128745709408
521,0.1344059199094778,0.7603728529049789,-0.8355128745709408
522,-0.19183333866816452,0.8073395509443693,-0.757902042365105
523,-0.03404557826186058,-0.6377196776858662,-0.7953768458871405
524,-0.03404557826186058,-0.6377196776858662,-0.7953768458871405
525,-0.03404557826186058,-0.6377196776858662,-0.7953768458871405
526,-0.03404557826186058,-0.6377196776858662,-0.7953768458871405
527,-0.03404557826186058,-0.6377196776858662,-0.7953768458871405
528,-0.1317091235282845,-0.07318537396592052,0.5388088418587337
529,-0.1317091235282845,-0.07318537396592052,0.5388088418587337
530,-0.1317091235282845,-0.07318537396592052,0.5388088418587337
531,0.09824730088562421,0.45059406520157175,0.9690212327287355
532,0.19447631276968178,-0.1931036301523394,0.36930591026385673
533,0.19447631276968178,-0.1931036301523394,0.36930591026385673
534,0.19447631276968178,-0.1931036301523394,0.36930591026385673
535,0.19447631276968178,-0.1931036301523394,0.36930591026385673
536,0.19447631276968178,-0.1931036301523394,0.36930591026385673
537,0.19447631276968178,-0.1931036301523394,0.36930591026385673
538,0.19447631276968178,-0.1931036301523394,0.36930591026385673
539,0.19447631276968178,-0.1931036301523394,0.36930591026385673
540,0.19447631276968178,-0.1931036301523394,0.36930591026385673
541,0.09824730088562421,0.45059406520157175,0.9690212327287355
542,0.19447631276968178,-0.1931036301523394,0.36930591026385673
543,0.19447631276968178,-0.1931036301523394,0.36930591026385673
544,0.19447631276968178,-0.1931036301523394,0.36930591026385673
545,0.19447631276968178,-0.1931036301523394,0.36930591026385673
546,0.19562266810901202,-0.31374649172262586,0.9319808714880647
547,0.19562266810901202,-0.31374649172262586,0.9319808714880647
548,0.19562266810901202,-0.31374649172262586,0.9319808714880647
549,0.09942735192070372,0.34195866457882684,0.9975976752303508
550,0.19562266810901202,-0.31374649172262586,0.9319808714880647
551,0.19562266810901202,-0.31374649172262586,0.9319808714880647
552,0.19562266810901202,-0.31374649172262586,0.9319808714880647
553,0.19447631276968178,-0.1931036301523394,0.36930591026385673
554,0.09824730088562421,0.45059406520157175,0.9690212327287355
555,0.09824730088562421,0.45059406520157175,0.9690212327287355
556,0.09824730088562421,0.45059406520157175,0.9690212327287355
557,0.09942735192070372,0.34195866457882684,0.9975976752303508
558,0.09942735192070372,0.34195866457882684,0.9975976752303508
559,0.09942735192070372,0.34195866457882684,0.9975976752303508
560,0.09942735192070372,0.34195866457882684,0.9975976752303508
561,0.09942735192070372,0.34195866457882684,0.9975976752303508
562,0.09942735192070372,0.34195866457882684,0.9975976752303508
563,0.09942735192070372,0.34195866457882684,0.9975976752303508
564,0.09942735192070372,0.34195866457882684,0.9975976752303508
565,0.09824730088562421,0.45059406520157175,0.9690212327287355
566,0.09824730088562421,0.45059406520157175,0.9690212327287355
567,0.09824730088562421,0.45059406520157175,0.9690212327287355
568,0.09824730088562421,0.45059406520157175,0.9690212327287355
569,0.09824730088562421,0.45059406520157175,0.9690212327287355
570,0.09824730088562421,0.45059406520157175,0.9690212327287355
571,0.09824730088562421,0.45059406520157175,0.9690212327287355
572,0.09824730088562421,0.45059406520157175,0.9690212327287355
573,0.09824730088562421,0.45059406520157175,0.9690212327287355
574,0.09824730088562421,0.45059406520157175,0.9690212327287355
575,0.09824730088562421,0.45059406520157175,0.9690212327287355
576,0.09824730088562421,0.45059406520157175,0.9690212327287355
577,0.09824730088562421,0.45059406520157175,0.9690212327287355
578,0.09824730088562421,0.45059406520157175,0.9690212327287355
579,0.19447631276968178,-0.1931036301523394,0.36930591026385673
580,0.19447631276968178,-0.1931036301523394,0.36930591026385673
581,0.09824730088562421,0.45059406520157175,0.9690212327287355
582,0.09824730088562421,0.45059406520157175,0.9690212327287355
583,0.09824730088562421,0.45059406520157175,0.9690212327287355
584,0.09824730088562421,0.45059406520157175,0.9690212327287355
585,0.19447631276968178,-0.1931036301523394,0.36930591026385673
586,0.19447631276968178,-0.1931036301523394,0.36930591026385673
587,0.09824730088562421,0.45059406520157175,0.9690212327287355
588,0.036787536509705406,0.9326149231428809,0.44804558451160514
589,0.036787536509705406,0.9326149231428809,0.44804558451160514
590,0.037977563637351774,0.9136147688711512,0.9433776177364233
591,-0.1906852384661475,0.7574494597463269,0.2861519387799924
592,-0.1906852384661475,0.7574494597463269,0.2861519387799924
593,-0.09434671897536784,0.2997090645013071,-0.8840490901105923
594,-0.09434671897536784,0.2997090645013071,-0.8840490901105923
595,-0.19183333866816452,0.8073395509443693,-0.757902042365105
596,-0.19183333866816452,0.8073395509443693,-0.757902042365105
597,-0.19183333866816452,0.8073395509443693,-0.757902042365105
598,-0.19183333866816452,0.8073395509443693,-0.757902042365105
599,-0.1906852384661475,0.7574494597463269,0.2861519387799924
600,-0.1317091235282845,-0.07318537396592052,0.5388088418587337
601,-0.13053792028954989,-0.1997316253667903,0.95520812370694
602,0.09942735192070372,0.34195866457882684,0.9975976752303508
603,0.09942735192070372,0.34195866457882684,0.9975976752303508
604,0.09942735192070372,0.34195866457882684,0.9975976752303508
605,0.09942735192070372,0.34195866457882684,0.9975976752303508
606,0.19562266810901202,-0.31374649172262586,0.9319808714880647
607,0.19562266810901202,-0.31374649172262586,0.9319808714880647
608,0.19447631276968178,-0.1931036301523394,0.36930591026385673
609,0.19447631276968178,-0.1931036301523394,0.36930591026385673
610,0.09824730088562421,0.45059406520157175,0.9690212327287355
611,0.09824730088562421,0.45059406520157175,0.9690212327287355
612,0.09824730088562421,0.45059406520157175,0.9690212327287355
613,0.09824730088562421,0.45059406520157175,0.9690212327287355
614,0.09824730088562421,0.45059406520157175,0.9690212327287355
615,0.09824730088562421,0.45059406520157175,0.9690212327287355
616,0.09824730088562421,0.45059406520157175,0.9690212327287355
617,0.09824730088562421,0.45059406520157175,0.9690212327287355
618,0.09824730088562421,0.45059406520157175,0.9690212327287355
619,0.09824730088562421,0.45059406520157175,0.9690212327287355
620,0.09824730088562421,0.45059406520157175,0.9690212327287355
621,0.09824730088562421,0.45059406520157175,0.9690212327287355
622,0.09824730088562421,0.45059406520157175,0.9690212327287355
623,0.09824730088562421,0.45059406520157175,0.9690212327287355
624,0.09824730088562421,0.45059406520157175,0.9690212327287355
625,0.09824730088562421,0.45059406520157175,0.9690212327287355
626,0.09824730088562421,0.45059406520157175,0.9690212327287355
627,0.09942735192070372,0.34195866457882684,0.9975976752303508
628,0.09942735192070372,0.34195866457882684,0.9975976752303508
629,0.09942735192070372,0.34195866457882684,0.9975976752303508
630,0.09942735192070372,0.34195866457882684,0.9975976752303508
631,0.09942735192070372,0.34195866457882684,0.9975976752303508
632,0.09942735192070372,0.34195866457882684,0.9975976752303508
633,0.19562266810901202,-0.31374649172262586,0.9319808714880647
634,0.19562266810901202,-0.31374649172262586,0.9319808714880647
635,0.19447631276968178,-0.1931036301523394,0.36930591026385673
636,0.19447631276968178,-0.1931036301523394,0.36930591026385673
637,0.09824730088562421,0.45059406520157175,0.9690212327287355
638,0.09824730088562421,0.45059406520157175,0.9690212327287355
639,0.09824730088562421,0.45059406520157175,0.9690212327287355
640,0.09824730088562421,0.45059406520157175,0.9690212327287355
641,0.1344059199094778,0.7603728529049789,-0.8355128745709408
642,0.1344059199094778,0.7603728529049789,-0.8355128745709408
643,0.036787536509705406,0.9326149231428809,0.44804558451160514
644,0.036787536509705406,0.9326149231428809,0.44804558451160514
645,-0.19183333866816452,0.8073395509443693,-0.757902042365105
646,-0.19183333866816452,0.8073395509443693,-0.757902042365105
647,-0.19183333866816452,0.8073395509443693,-0.757902042365105
648,-0.19183333866816452,0.8073395509443693,-0.757902042365105
649,-0.19183333866816452,0.8073395509443693,-0.757902042365105
650,-0.19183333866816452,0.8073395509443693,-0.757902042365105
651,-0.19183333866816452,0.8073395509443693,-0.757902042365105
652,-0.1317091235282845,-0.07318537396592052,0.5388088418587337
653,-0.1317091235282845,-0.07318537396592052,0.5388088418587337
654,0.09824730088562421,0.45059406520157175,0.9690212327287355
655,0.09824730088562421,0.45059406520157175,0.9690212327287355
656,0.09824730088562421,0.45059406520157175,0.9690212327287355
657,0.09942735192070372,0.34195866457882684,0.9975976752303508
658,0.09942735192070372,0.34195866457882684,0.9975976752303508
659,0.09942735192070372,0.34195866457882684,0.9975976752303508
660,0.09942735192070372,0.34195866457882684,0.9975976752303508
661,0.09942735192070372,0.34195866457882684,0.9975976752303508
662,0.09942735192070372,0.34195866457882684,0.9975976752303508
663,0.19562266810901202,-0.31374649172262586,0.9319808714880647
664,0.19562266810901202,-0.31374649172262586,0.9319808714880647
665,0.19562266810901202,-0.31374649172262586,0.9319808714880647
666,0.19447631276968178,-0.1931036301523394,0.36930591026385673
667,0.19447631276968178,-0.1931036301523394,0.36930591026385673
668,0.19447631276968178,-0.1931036301523394,0.36930591026385673
669,0.09824730088562421,0.45059406520157175,0.9690212327287355
670,0.09824730088562421,0.45059406520157175,0.9690212327287355
671,0.09824730088562421,0.45059406520157175,0.9690212327287355
672,0.09824730088562421,0.45059406520157175,0.9690212327287355
673,0.09824730088562421,0.45059406520157175,0.9690212327287355
674,0.09824730088562421,0.45059406520157175,0.9690212327287355
675,0.09824730088562421,0.45059406520157175,0.9690212327287355
676,0.09824730088562421,0.45059406520157175,0.9690212327287355
677,0.09824730088562421,0.45059406520157175,0.9690212327287355
678,0.09824730088562421,0.45059406520157175,0.9690212327287355
679,0.19447631276968178,-0.1931036301523394,0.36930591026385673
680,0.19447631276968178,-0.1931036301523394,0.36930591026385673
681,0.09824730088562421,0.45059406520157175,0.9690212327287355
682,0.09824730088562421,0.45059406520157175,0.9690212327287355
683,0.09824730088562421,0.45059406520157175,0.9690212327287355
684,0.09824730088562421,0.45059406520157175,0.9690212327287355
685,0.09824730088562421,0.45059406520157175,0.9690212327287355
686,0.19447631276968178,-0.1931036301523394,0.36930591026385673
687,0.19447631276968178,-0.1931036301523394,0.36930591026385673
688,0.09824730088562421,0.45059406520157175,0.9690212327287355
689,0.09824730088562421,0.45059406520157175,0.9690212327287355
690,0.09824730088562421,0.45059406520157175,0.9690212327287355
691,0.09942735192070372,0.34195866457882684,0.9975976752303508
692,0.19562266810901202,-0.31374649172262586,0.9319808714880647
693,0.19562266810901202,-0.31374649172262586,0.9319808714880647
694,0.19447631276968178,-0.1931036301523394,0.36930591026385673
695,0.19447631276968178,-0.1931036301523394,0.36930591026385673
696,0.09824730088562421,0.45059406520157175,0.9690212327287355
697,0.09824730088562421,0.45059406520157175,0.9690212327287355
698,0.036787536509705406,0.9326149231428809,0.44804558451160514
699,0.036787536509705406,0.9326149231428809,0.44804558451160514
700,0.036787536509705406,0.9326149231428809,0.44804558451160514
701,0.036787536509705406,0.9326149231428809,0.44804558451160514
702,0.036787536509705406,0.9326149231428809,0.44804558451160514
703,0.036787536509705406,0.9326149231428809,0.44804558451160514
704,0.036787536509705406,0.9326149231428809,0.44804558451160514
705,0.036787536509705406,0.9326149231428809,0.44804558451160514
706,0.036787536509705406,0.9326149231428809,0.44804558451160514
707,0.036787536509705406,0.9326149231428809,0.44804558451160514
708,0.036787536509705406,0.9326149231428809,0.44804558451160514
709,0.1344059199094778,0.7603728529049789,-0.8355128745709408
710,0.1344059199094778,0.7603728529049789,-0.8355128745709408
711,0.1344059199094778,0.7603728529049789,-0.8355128745709408
712,0.1344059199094778,0.7603728529049789,-0.8355128745709408
713,-0.09552767062773404,0.4122646052054355,-0.9906355201750123
714,-0.09552767062773404,0.4122646052054355,-0.9906355201750123
715,-0.09552767062773404,0.4122646052054355,-0.9906355201750123
716,-0.03404557826186058,-0.6377196776858662,-0.7953768458871405
717,-0.1317091235282845,-0.07318537396592052,0.5388088418587337
718,-0.1317091235282845,-0.07318537396592052,0.5388088418587337
719,-0.1317091235282845,-0.07318537396592052,0.5388088418587337
720,0.09824730088562421,0.45059406520157175,0.9690212327287355
721,0.09824730088562421,0.45059406520157175,0.9690212327287355
722,0.19447631276968178,-0.1931036301523394,0.36930591026385673
723,0.19447631276968178,-0.1931036301523394,0.36930591026385673
724,0.19447631276968178,-0.1931036301523394,0.36930591026385673
725,0.19447631276968178,-0.1931036301523394,0.36930591026385673
726,0.19447631276968178,-0.1931036301523394,0.36930591026385673
727,0.19447631276968178,-0.1931036301523394,0.36930591026385673
728,0.19447631276968178,-0.1931036301523394,0.36930591026385673
729,0.19447631276968178,-0.1931036301523394,0.36930591026385673
730,0.19447631276968178,-0.1931036301523394,0.36930591026385673
731,0.09824730088562421,0.45059406520157175,0.9690212327287355
732,0.09824730088562421,0.45059406520157175,0.9690212327287355
733,0.19447631276968178,-0.1931036301523394,0.36930591026385673
734,0.19447631276968178,-0.1931036301523394,0.36930591026385673
735,0.09824730088562421,0.45059406520157175,0.9690212327287355
736,0.09824730088562421,0.45059406520157175,0.9690212327287355
737,0.09824730088562421,0.45059406520157175,0.9690212327287355
738,0.09824730088562421,0.45059406520157175,0.9690212327287355
739,0.09824730088562421,0.45059406520157175,0.9690212327287355
740,0.09824730088562421,0.45059406520157175,0.9690212327287355
741,0.19562266810901202,-0.31374649172262586,0.9319808714880647
742,0.19562266810901202,-0.31374649172262586,0.9319808714880647
743,0.19562266810901202,-0.31374649172262586,0.9319808714880647
744,0.19447631276968178,-0.1931036301523394,0.36930591026385673
745,0.19447631276968178,-0.1931036301523394,0.36930591026385673
746,0.09824730088562421,0.45059406520157175,0.9690212327287355
747,0.09824730088562421,0.45059406520157175,0.9690212327287355
748,0.09824730088562421,0.45059406520157175,0.9690212327287355
749,0.19447631276968178,-0.1931036301523394,0.36930591026385673
750,0.19447631276968178,-0.1931036301523394,0.36930591026385673
751,0.09824730088562421,0.45059406520157175,0.9690212327287355
752,0.09942735192070372,0.34195866457882684,0.9975976752303508
753,0.09942735192070372,0.34195866457882684,0.9975976752303508
754,0.09942735192070372,0.34195866457882684,0.9975976752303508
755,0.09942735192070372,0.34195866457882684,0.9975976752303508
756,0.19562266810901202,-0.31374649172262586,0.9319808714880647
757,0.19562266810901202,-0.31374649172262586,0.9319808714880647
758,0.09824730088562421,0.45059406520157175,0.9690212327287355
759,0.19447631276968178,-0.1931036301523394,0.36930591026385673
760,0.09824730088562421,0.45059406520157175,0.9690212327287355
761,0.09824730088562421,0.45059406520157175,0.9690212327287355
762,0.09824730088562421,0.45059406520157175,0.9690212327287355
763,0.09824730088562421,0.45059406520157175,0.9690212327287355
764,0.09824730088562421,0.45059406520157175,0.9690212327287355
765,0.09824730088562421,0.45059406520157175,0.9690212327287355
766,0.09824730088562421,0.45059406520157175,0.9690212327287355
767,0.09824730088562421,0.45059406520157175,0.9690212327287355
768,0.09824730088562421,0.45059406520157175,0.9690212327287355
769,0.09942735192070372,0.34195866457882684,0.9975976752303508
770,0.19562266810901202,-0.31374649172262586,0.9319808714880647
771,0.19562266810901202,-0.31374649172262586,0.9319808714880647
772,0.19447631276968178,-0.1931036301523394,0.36930591026385673
773,0.19447631276968178,-0.1931036301523394,0.36930591026385673
774,0.036787536509705406,0.9326149231428809,0.44804558451160514
775,0.036787536509705406,0.9326149231428809,0.44804558451160514
776,0.036787536509705406,0.9326149231428809,0.44804558451160514
777,0.036787536509705406,0.9326149231428809,0.44804558451160514
778,0.036787536509705406,0.9326149231428809,0.44804558451160514
779,-0.19183333866816452,0.8073395509443693,-0.757902042365105
780,-0.19183333866816452,0.8073395509443693,-0.757902042365105
781,-0.19183333866816452,0.8073395509443693,-0.757902042365105
782,-0.19183333866816452,0.8073395509443693,-0.757902042365105
783,-0.19183333866816452,0.8073395509443693,-0.757902042365105
784,-0.19183333866816452,0.8073395509443693,-0.757902042365105
785,-0.19183333866816452,0.8073395509443693,-0.757902042365105
786,-0.19183333866816452,0.8073395509443693,-0.757902042365105
787,-0.19183333866816452,0.8073395509443693,-0.757902042365105
788,-0.19183333866816452,0.8073395509443693,-0.757902042365105
789,-0.1317091235282845,-0.07318537396592052,0.5388088418587337
790,-0.1317091235282845,-0.07318537396592052,0.5388088418587337
791,0.09824730088562421,0.45059406520157175,0.9690212327287355
792,0.09824730088562421,0.45059406520157175,0.9690212327287355
793,0.19562266810901202,-0.31374649172262586,0.9319808714880647
794,0.19562266810901202,-0.31374649172262586,0.9319808714880647
795,0.19562266810901202,-0.31374649172262586,0.9319808714880647
796,0.19562266810901202,-0.31374649172262586,0.9319808714880647
797,0.19447631276968178,-0.1931036301523394,0.36930591026385673
798,0.19447631276968178,-0.1931036301523394,0.36930591026385673
799,0.19447631276968178,-0.1931036301523394,0.36930591026385673
800,0.09824730088562421,0.45059406520157175,0.9690212327287355
801,0.09824730088562421,0.45059406520157175,0.9690212327287355
802,0.09824730088562421,0.45059406520157175,0.9690212327287355
803,0.09824730088562421,0.45059406520157175,0.9690212327287355
804,0.09942735192070372,0.34195866457882684,0.9975976752303508
805,0.09942735192070372,0.34195866457882684,0.9975976752303508
806,0.09942735192070372,0.34195866457882684,0.9975976752303508
807,0.09942735192070372,0.34195866457882684,0.9975976752303508
808,0.09942735192070372,0.34195866457882684,0.9975976752303508
809,0.09942735192070372,0.34195866457882684,0.9975976752303508
810,0.09942735192070372,0.34195866457882684,0.9975976752303508
811,0.09942735192070372,0.34195866457882684,0.9975976752303508
812,0.09942735192070372,0.34195866457882684,0.9975976752303508
813,0.09942735192070372,0.34195866457882684,0.9975976752303508
814,0.09942735192070372,0.34195866457882684,0.9975976752303508
815,0.09942735192070372,0.34195866457882684,0.9975976752303508
816,0.09942735192070372,0.34195866457882684,0.9975976752303508
817,0.09942735192070372,0.34195866457882684,0.9975976752303508
818,0.09942735192070372,0.34195866457882684,0.9975976752303508
819,0.19562266810901202,-0.31374649172262586,0.9319808714880647
820,0.19447631276968178,-0.1931036301523394,0.36930591026385673
821,0.19447631276968178,-0.1931036301523394,0.36930591026385673
822,0.09824730088562421,0.45059406520157175,0.9690212327287355
823,0.09824730088562421,0.45059406520157175,0.9690212327287355
824,0.09824730088562421,0.45059406520157175,0.9690212327287355
825,0.09824730088562421,0.45059406520157175,0.9690212327287355
826,0.19447631276968178,-0.1931036301523394,0.36930591026385673
827,0.19447631276968178,-0.1931036301523394,0.36930591026385673
828,0.09824730088562421,0.45059406520157175,0.9690212327287355
829,0.09824730088562421,0.45059406520157175,0.9690212327287355
830,0.09824730088562421,0.45059406520157175,0.9690212327287355
831,0.09824730088562421,0.45059406520157175,0.9690212327287355
832,0.09824730088562421,0.45059406520157175,0.9690212327287355
833,0.19447631276968178,-0.1931036301523394,0.36930591026385673
834,0.19447631276968178,-0.1931036301523394,0.36930591026385673
835,0.09824730088562421,0.45059406520157175,0.9690212327287355
836,0.09824730088562421,0.45059406520157175,0.9690212327287355
837,0.09824730088562421,0.45059406520157175,0.9690212327287355
838,0.09942735192070372,0.34195866457882684,0.9975976752303508
839,0.19562266810901202,-0.31374649172262586,0.9319808714880647
840,0.19562266810901202,-0.31374649172262586,0.9319808714880647
841,0.19447631276968178,-0.1931036301523394,0.36930591026385673
842,0.19447631276968178,-0.1931036301523394,0.36930591026385673
843,0.09824730088562421,0.45059406520157175,0.9690212327287355
844,0.09824730088562421,0.45059406520157175,0.9690212327287355
845,0.09824730088562421,0.45059406520157175,0.9690212327287355
846,0.036787536509705406,0.9326149231428809,0.44804558451160514
847,0.036787536509705406,0.9326149231428809,0.44804558451160514
848,0.036787536509705406,0.9326149231428809,0.44804558451160514
849,0.036787536509705406,0.9326149231428809,0.44804558451160514
850,0.036787536509705406,0.9326149231428809,0.44804558451160514
851,-0.19183333866816452,0.8073395509443693,-0.757902042365105
852,-0.19183333866816452,0.8073395509443693,-0.757902042365105
853,-0.19183333866816452,0.8073395509443693,-0.757902042365105
854,-0.19183333866816452,0.8073395509443693,-0.757902042365105
855,-0.19183333866816452,0.8073395509443693,-0.757902042365105
856,-0.19183333866816452,0.8073395509443693,-0.757902042365105
857,-0.19183333866816452,0.8073395509443693,-0.757902042365105
858,-0.19183333866816452,0.8073395509443693,-0.757902042365105
859,-0.19183333866816452,0.8073395509443693,-0.757902042365105
860,-0.13053792028954989,-0.1997316253667903,0.95520812370694
861,-0.13053792028954989,-0.1997316253667903,0.95520812370694
862,-0.13053792028954989,-0.1997316253667903,0.95520812370694
863,0.09942735192070372,0.34195866457882684,0.9975976752303508
864,0.09942735192070372,0.34195866457882684,0.9975976752303508
865,0.09824730088562421,0.45059406520157175,0.9690212327287355
866,0.19447631276968178,-0.1931036301523394,0.36930591026385673
867,0.19447631276968178,-0.1931036301523394,0.36930591026385673
868,0.09824730088562421,0.45059406520157175,0.9690212327287355
869,0.09824730088562421,0.45059406520157175,0.9690212327287355
870,0.09824730088562421,0.45059406520157175,0.9690212327287355
871,0.09824730088562421,0.45059406520157175,0.9690212327287355
872,0.09824730088562421,0.45059406520157175,0.9690212327287355
873,0.09824730088562421,0.45059406520157175,0.9690212327287355
874,0.09824730088562421,0.45059406520157175,0.9690212327287355
875,0.09824730088562421,0.45059406520157175,0.9690212327287355
876,0.09824730088562421,0.45059406520157175,0.9690212327287355
877,0.09824730088562421,0.45059406520157175,0.9690212327287355
878,0.19447631276968178,-0.1931036301523394,0.36930591026385673
879,0.19447631276968178,-0.1931036301523394,0.36930591026385673
880,0.09824730088562421,0.45059406520157175,0.9690212327287355
881,0.09824730088562421,0.45059406520157175,0.9690212327287355
882,0.09824730088562421,0.45059406520157175,0.9690212327287355
883,0.09824730088562421,0.45059406520157175,0.9690212327287355
884,0.09824730088562421,0.45059406520157175,0.9690212327287355
885,0.09824730088562421,0.45059406520157175,0.9690212327287355
886,0.19447631276968178,-0.1931036301523394,0.36930591026385673
887,0.19447631276968178,-0.1931036301523394,0.36930591026385673
888,0.09824730088562421,0.45059406520157175,0.9690212327287355
889,0.09824730088562421,0.45059406520157175,0.9690212327287355
890,0.09824730088562421,0.45059406520157175,0.9690212327287355
891,0.09824730088562421,0.45059406520157175,0.9690212327287355
892,0.09942735192070372,0.34195866457882684,0.9975976752303508
893,0.19562266810901202,-0.31374649172262586,0.9319808714880647
894,0.19562266810901202,-0.31374649172262586,0.9319808714880647
895,0.19447631276968178,-0.1931036301523394,0.36930591026385673
896,0.19447631276968178,-0.1931036301523394,0.36930591026385673
897,0.09824730088562421,0.45059406520157175,0.9690212327287355
898,0.09824730088562421,0.45059406520157175,0.9690212327287355
899,0.09824730088562421,0.45059406520157175,0.9690212327287355
900,0.09824730088562421,0.45059406520157175,0.9690212327287355
901,0.09824730088562421,0.45059406520157175,0.9690212327287355
902,0.09824730088562421,0.45059406520157175,0.9690212327287355
903,0.036787536509705406,0.9326149231428809,0.44804558451160514
904,0.036787536509705406,0.9326149231428809,0.44804558451160514
905,0.036787536509705406,0.9326149231428809,0.44804558451160514
906,0.036787536509705406,0.9326149231428809,0.44804558451160514
907,0.037977563637351774,0.9136147688711512,0.9433776177364233
908,0.037977563637351774,0.9136147688711512,0.9433776177364233
909,0.037977563637351774,0.9136147688711512,0.9433776177364233
910,-0.09434671897536784,0.2997090645013071,-0.8840490901105923
911,-0.03285521921691114,-0.7081471878020235,0.19712237383062522
912,-0.19183333866816452,0.8073395509443693,-0.757902042365105
913,-0.19183333866816452,0.8073395509443693,-0.757902042365105
914,-0.19183333866816452,0.8073395509443693,-0.757902042365105
915,-0.19183333866816452,0.8073395509443693,-0.757902042365105
916,-0.1906852384661475,0.7574494597463269,0.2861519387799924
917,-0.1906852384661475,0.7574494597463269,0.2861519387799924
918,0.037977563637351774,0.9136147688711512,0.9433776177364233
919,0.037977563637351774,0.9136147688711512,0.9433776177364233
920,0.09942735192070372,0.34195866457882684,0.9975976752303508
921,0.09942735192070372,0.34195866457882684,0.9975976752303508
922,0.09824730088562421,0.45059406520157175,0.9690212327287355
923,0.09824730088562421,0.45059406520157175,0.9690212327287355
924,0.19447631276968178,-0.1931036301523394,0.36930591026385673
925,0.19447631276968178,-0.1931036301523394,0.36930591026385673
926,0.19447631276968178,-0.1931036301523394,0.36930591026385673
927,0.19447631276968178,-0.1931036301523394,0.36930591026385673
928,0.09824730088562421,0.45059406520157175,0.9690212327287355
929,0.09824730088562421,0.45059406520157175,0.9690212327287355
930,0.09824730088562421,0.45059406520157175,0.9690212327287355
931,0.09824730088562421,0.45059406520157175,0.9690212327287355
932,0.09824730088562421,0.45059406520157175,0.9690212327287355
933,0.19447631276968178,-0.1931036301523394,0.36930591026385673
934,0.19447631276968178,-0.1931036301523394,0.36930591026385673
935,0.09824730088562421,0.45059406520157175,0.9690212327287355
936,0.09824730088562421,0.45059406520157175,0.9690212327287355
937,0.09824730088562421,0.45059406520157175,0.9690212327287355
938,0.09824730088562421,0.45059406520157175,0.9690212327287355
939,0.09824730088562421,0.45059406520157175,0.9690212327287355
940,0.19447631276968178,-0.1931036301523394,0.36930591026385673
941,0.19447631276968178,-0.1931036301523394,0.36930591026385673
942,0.09824730088562421,0.45059406520157175,0.9690212327287355
943,0.09824730088562421,0.45059406520157175,0.9690212327287355
944,0.037977563637351774,0.9136147688711512,0.9433776177364233
945,0.1355758966968441,0.7003371037754842,0.07934631039451608
946,0.1355758966968441,0.7003371037754842,0.07934631039451608
947,0.036787536509705406,0.9326149231428809,0.44804558451160514
948,0.036787536509705406,0.9326149231428809,0.44804558451160514
949,0.036787536509705406,0.9326149231428809,0.44804558451160514
950,0.1355758966968441,0.7003371037754842,0.07934631039451608
951,0.1355758966968441,0.7003371037754842,0.07934631039451608
952,0.1344059199094778,0.7603728529049789,-0.8355128745709408
953,0.1344059199094778,0.7603728529049789,-0.8355128745709408
954,0.036787536509705406,0.9326149231428809,0.44804558451160514
955,0.036787536509705406,0.9326149231428809,0.44804558451160514
956,0.1344059199094778,0.7603728529049789,-0.8355128745709408
957,0.19447631276968178,-0.1931036301523394,0.36930591026385673
958,-0.19183333866816452,0.8073395509443693,-0.757902042365105
959,-0.09552767062773404,0.4122646052054355,-0.9906355201750123
960,-0.09552767062773404,0.4122646052054355,-0.9906355201750123
961,-0.09552767062773404,0.4122646052054355,-0.9906355201750123
962,-0.19183333866816452,0.8073395509443693,-0.757902042365105
963,-0.19183333866816452,0.8073395509443693,-0.757902042365105
964,-0.1317091235282845,-0.07318537396592052,0.5388088418587337
965,-0.1317091235282845,-0.07318537396592052,0.5388088418587337
966,0.09824730088562421,0.45059406520157175,0.9690212327287355
967,0.09824730088562421,0.45059406520157175,0.9690212327287355
968,0.09824730088562421,0.45059406520157175,0.9690212327287355
969,0.19447631276968178,-0.1931036301523394,0.36930591026385673
970,0.19562266810901202,-0.31374649172262586,0.9319808714880647
971,0.19562266810901202,-0.31374649172262586,0.9319808714880647
972,0.19447631276968178,-0.1931036301523394,0.36930591026385673
973,0.19447631276968178,-0.1931036301523394,0.36930591026385673
974,0.19447631276968178,-0.1931036301523394,0.36930591026385673
975,0.09824730088562421,0.45059406520157175,0.9690212327287355
976,0.09824730088562421,0.45059406520157175,0.9690212327287355
977,0.09824730088562421,0.45059406520157175,0.9690212327287355
978,0.19447631276968178,-0.1931036301523394,0.36930591026385673
979,0.19562266810901202,-0.31374649172262586,0.9319808714880647
980,0.09942735192070372,0.34195866457882684,0.9975976752303508
981,0.09942735192070372,0.34195866457882684,0.9975976752303508
982,0.19562266810901202,-0.31374649172262586,0.9319808714880647
983,0.19562266810901202,-0.31374649172262586,0.9319808714880647
984,0.19447631276968178,-0.1931036301523394,0.36930591026385673
985,0.09824730088562421,0.45059406520157175,0.9690212327287355
986,0.09824730088562421,0.45059406520157175,0.9690212327287355
987,0.09824730088562421,0.45059406520157175,0.9690212327287355
988,0.09824730088562421,0.45059406520157175,0.9690212327287355
989,0.09824730088562421,0.45059406520157175,0.9690212327287355
990,0.09824730088562421,0.45059406520157175,0.9690212327287355
991,0.09942735192070372,0.34195866457882684,0.9975976752303508
992,0.19562266810901202,-0.31374649172262586,0.9319808714880647
993,0.19562266810901202,-0.31374649172262586,0.9319808714880647
994,0.19562266810901202,-0.31374649172262586,0.9319808714880647
995,0.19447631276968178,-0.1931036301523394,0.36930591026385673
996,0.19447631276968178,-0.1931036301523394,0.36930591026385673
997,0.09824730088562421,0.45059406520157175,0.9690212327287355
998,0.09824730088562421,0.45059406520157175,0.9690212327287355
999,0.09824730088562421,0.45059406520157175,0.9690212327287355
